Area_sqft,Bedrooms,Bathrooms,Floors,Age,Garage,LocationScore,DistanceToCity_km,Condition,Price
2728.0,1.0,4.0,2.0,7.0,0.0,3.0,,Fair,547397
3121.0,1.0,5.0,3.0,31.0,1.0,1.0,3.4,Excellent,609297
3930.0,2.0,4.0,2.0,31.0,3.0,8.0,12.7,Excellent,831827
1298.0,3.0,4.0,3.0,34.0,3.0,4.0,12.7,Fair,306564
1055.0,6.0,3.0,,5.0,1.0,10.0,36.2,Fair,317816
1313.0,6.0,3.0,3.0,13.0,0.0,5.0,16.0,Fair,329888
761.0,5.0,4.0,2.0,28.0,3.0,8.0,37.3,Fair,253080
2014.0,2.0,4.0,1.0,,1.0,7.0,10.1,Excellent,494485
1739.0,2.0,,1.0,26.0,0.0,1.0,15.2,Poor,309222
3657.0,5.0,5.0,1.0,28.0,1.0,2.0,30.3,Fair,710474
2488.0,5.0,,1.0,8.0,3.0,10.0,20.2,,645453
860.0,4.0,4.0,,44.0,0.0,5.0,9.1,Excellent,237238
4362.0,4.0,3.0,3.0,18.0,2.0,1.0,4.9,Poor,855702
,1.0,4.0,1.0,41.0,0.0,10.0,3.1,Poor,664735
4720.0,6.0,5.0,2.0,2.0,0.0,8.0,35.2,Excellent,1003860
2268.0,3.0,2.0,3.0,46.0,0.0,9.0,31.8,Good,445151
3504.0,,4.0,3.0,,3.0,2.0,6.5,Excellent,700287
2185.0,1.0,2.0,2.0,22.0,2.0,1.0,2.6,Good,389331
4777.0,2.0,5.0,1.0,49.0,2.0,5.0,6.1,Poor,950876
4890.0,4.0,5.0,2.0,43.0,0.0,,39.7,Fair,930886
3659.0,2.0,1.0,1.0,27.0,3.0,3.0,15.6,Poor,673916
1389.0,4.0,4.0,2.0,46.0,2.0,8.0,13.7,Excellent,327439
3914.0,1.0,2.0,3.0,41.0,0.0,5.0,11.6,,761649
2273.0,,3.0,2.0,20.0,3.0,5.0,11.0,Fair,482231
1053.0,4.0,1.0,2.0,48.0,2.0,9.0,15.4,Fair,277096
1088.0,1.0,3.0,2.0,41.0,,9.0,9.3,Fair,309032
1465.0,3.0,1.0,3.0,22.0,,7.0,9.7,Poor,352719
4589.0,3.0,1.0,3.0,42.0,3.0,7.0,18.4,Fair,869878
615.0,3.0,,3.0,18.0,0.0,8.0,1.9,Fair,250678
4756.0,1.0,2.0,3.0,9.0,3.0,6.0,37.0,Fair,910282
3557.0,3.0,2.0,1.0,35.0,2.0,1.0,,Excellent,658739
4368.0,5.0,2.0,3.0,30.0,2.0,9.0,15.4,,890173
692.0,5.0,3.0,2.0,48.0,3.0,,25.7,,227305
1146.0,6.0,3.0,,4.0,0.0,4.0,,Excellent,316176
1552.0,2.0,5.0,3.0,39.0,2.0,1.0,35.1,Poor,246398
4125.0,5.0,,1.0,31.0,2.0,7.0,30.5,Good,849239
3245.0,6.0,5.0,1.0,18.0,2.0,9.0,9.6,Poor,758992
2256.0,2.0,3.0,,0.0,2.0,9.0,38.3,Poor,503129
2814.0,3.0,3.0,1.0,9.0,0.0,9.0,11.1,Fair,632962
818.0,1.0,2.0,3.0,42.0,3.0,2.0,24.5,Fair,143004
3878.0,4.0,3.0,,26.0,,3.0,,,755431
2038.0,5.0,1.0,1.0,48.0,,3.0,23.4,Fair,411643
962.0,1.0,,1.0,42.0,1.0,7.0,35.5,Good,229006
3319.0,6.0,3.0,2.0,0.0,2.0,7.0,15.5,Fair,746098
1079.0,2.0,3.0,2.0,15.0,3.0,1.0,28.0,Poor,195359
894.0,3.0,1.0,,1.0,1.0,3.0,18.7,Good,231910
4325.0,2.0,1.0,3.0,44.0,0.0,9.0,25.8,,838217
945.0,1.0,4.0,2.0,39.0,0.0,5.0,21.0,Fair,192662
2805.0,5.0,3.0,2.0,42.0,0.0,6.0,27.0,Fair,552641
3421.0,1.0,4.0,2.0,44.0,3.0,7.0,39.2,Fair,688801
2958.0,6.0,5.0,1.0,15.0,2.0,5.0,37.5,,595273
4838.0,1.0,4.0,1.0,31.0,2.0,1.0,19.2,Fair,882091
644.0,1.0,3.0,3.0,23.0,3.0,4.0,23.7,Fair,138730
2470.0,6.0,1.0,3.0,41.0,2.0,,13.0,Poor,531995
1621.0,5.0,1.0,2.0,29.0,0.0,1.0,29.4,Fair,276968
691.0,3.0,,,44.0,3.0,7.0,22.1,Good,178570
1143.0,4.0,3.0,,45.0,0.0,4.0,33.1,Poor,209333
2774.0,2.0,4.0,1.0,18.0,,5.0,27.6,,535620
2647.0,2.0,1.0,2.0,37.0,3.0,2.0,19.1,Good,480929
3408.0,6.0,,3.0,22.0,0.0,4.0,15.2,Fair,699082
1768.0,3.0,4.0,1.0,19.0,1.0,6.0,13.1,Excellent,409711
3849.0,5.0,2.0,2.0,48.0,2.0,1.0,,Fair,717951
2521.0,5.0,4.0,2.0,18.0,1.0,10.0,1.6,Fair,617144
1197.0,1.0,4.0,1.0,45.0,,1.0,20.8,Excellent,216748
777.0,1.0,5.0,3.0,31.0,0.0,2.0,12.6,Good,140494
2184.0,1.0,5.0,2.0,2.0,0.0,1.0,5.2,Good,420955
4861.0,4.0,3.0,2.0,,1.0,9.0,7.4,Poor,994494
1800.0,3.0,4.0,2.0,49.0,3.0,2.0,16.1,Fair,329556
4239.0,4.0,2.0,1.0,8.0,0.0,,36.0,Fair,821786
1078.0,3.0,2.0,1.0,32.0,3.0,,27.2,Excellent,290963
1562.0,6.0,3.0,1.0,10.0,3.0,5.0,2.1,Good,414147
3586.0,2.0,1.0,1.0,17.0,2.0,7.0,35.9,Good,730368
765.0,5.0,3.0,3.0,47.0,0.0,2.0,17.7,Excellent,159855
2267.0,4.0,3.0,1.0,44.0,2.0,7.0,17.1,Poor,504088
,2.0,1.0,3.0,46.0,1.0,10.0,36.7,Excellent,444010
1017.0,,4.0,3.0,10.0,0.0,8.0,11.1,Good,325605
1323.0,1.0,4.0,1.0,8.0,0.0,7.0,7.6,Excellent,312587
4639.0,1.0,2.0,1.0,18.0,2.0,7.0,39.7,Poor,857612
3180.0,3.0,3.0,2.0,8.0,2.0,1.0,,Good,617594
829.0,2.0,,3.0,6.0,3.0,1.0,14.2,Excellent,186896
3350.0,2.0,3.0,3.0,15.0,0.0,6.0,31.7,Poor,681056
,5.0,3.0,2.0,14.0,0.0,4.0,19.7,Poor,497106
1570.0,1.0,5.0,1.0,36.0,1.0,6.0,35.5,,338560
2281.0,2.0,4.0,,21.0,3.0,2.0,15.1,Good,439733
2036.0,2.0,5.0,2.0,24.0,,9.0,38.3,Good,444209
2844.0,4.0,5.0,1.0,14.0,0.0,5.0,18.1,Poor,575345
3356.0,,5.0,1.0,27.0,2.0,6.0,39.7,Good,663200
4478.0,3.0,1.0,3.0,25.0,2.0,8.0,10.8,Fair,900567
4528.0,5.0,2.0,2.0,34.0,3.0,8.0,28.3,Fair,886181
721.0,6.0,,2.0,34.0,0.0,3.0,17.5,,177682
1638.0,2.0,4.0,2.0,,0.0,2.0,2.5,,378663
4877.0,4.0,,2.0,28.0,0.0,6.0,6.3,Fair,968359
3810.0,4.0,,,27.0,,,14.7,Poor,713351
656.0,4.0,1.0,3.0,18.0,3.0,2.0,21.1,Good,140136
2906.0,2.0,2.0,2.0,18.0,3.0,8.0,24.9,Poor,603599
3673.0,1.0,,1.0,45.0,0.0,9.0,18.0,Excellent,745135
4075.0,,2.0,2.0,21.0,1.0,,,Fair,871711
3276.0,4.0,4.0,2.0,20.0,0.0,10.0,23.1,Excellent,722799
4464.0,6.0,1.0,3.0,13.0,3.0,1.0,30.3,Excellent,860000
2018.0,5.0,2.0,2.0,17.0,,8.0,10.0,Good,486152
728.0,4.0,1.0,2.0,25.0,1.0,6.0,17.6,Fair,231517
4711.0,4.0,3.0,2.0,8.0,3.0,2.0,2.5,Poor,924474
1223.0,2.0,1.0,1.0,31.0,0.0,,19.4,,288606
1413.0,6.0,,2.0,3.0,3.0,3.0,16.9,,323796
3868.0,2.0,5.0,1.0,27.0,3.0,5.0,22.7,Poor,756925
1663.0,6.0,5.0,2.0,25.0,3.0,4.0,30.0,Good,372835
,2.0,3.0,1.0,19.0,0.0,5.0,18.4,Good,264548
4250.0,1.0,5.0,3.0,33.0,1.0,2.0,7.8,Excellent,811144
728.0,3.0,2.0,2.0,17.0,1.0,8.0,24.1,Fair,228335
1603.0,2.0,4.0,,14.0,3.0,1.0,21.7,Poor,297332
4790.0,5.0,3.0,3.0,31.0,1.0,10.0,4.9,Poor,985005
3908.0,,5.0,,17.0,0.0,7.0,8.9,Poor,846684
1689.0,1.0,2.0,,49.0,1.0,1.0,33.3,Poor,252624
1745.0,5.0,4.0,1.0,42.0,0.0,5.0,4.4,Poor,391578
3126.0,2.0,1.0,1.0,,,6.0,,Fair,567100
,2.0,2.0,,21.0,2.0,8.0,36.9,Fair,512115
3764.0,2.0,2.0,1.0,2.0,0.0,2.0,,Fair,698314
859.0,2.0,1.0,,28.0,1.0,1.0,39.4,Fair,124494
4825.0,4.0,1.0,2.0,27.0,0.0,3.0,24.7,Poor,898412
1746.0,3.0,4.0,2.0,19.0,1.0,5.0,25.5,Fair,394697
1297.0,3.0,3.0,1.0,13.0,3.0,,39.8,Excellent,305734
1510.0,6.0,5.0,1.0,30.0,2.0,10.0,,Poor,447253
1248.0,1.0,4.0,1.0,10.0,1.0,5.0,35.4,Excellent,281232
1995.0,3.0,4.0,,8.0,,10.0,35.2,Fair,454036
708.0,5.0,1.0,3.0,14.0,0.0,2.0,8.4,Good,189073
3246.0,1.0,1.0,3.0,19.0,,2.0,7.5,Poor,570010
1648.0,1.0,5.0,,11.0,1.0,4.0,15.9,Fair,353724
2596.0,6.0,,2.0,15.0,2.0,10.0,12.2,Excellent,628915
2434.0,,,3.0,25.0,3.0,7.0,31.3,Poor,520663
4626.0,,2.0,1.0,4.0,3.0,3.0,10.7,Fair,897509
2800.0,2.0,2.0,3.0,,1.0,8.0,35.9,Excellent,613510
4163.0,4.0,5.0,3.0,27.0,3.0,9.0,20.8,Excellent,874435
,,2.0,3.0,5.0,0.0,1.0,12.9,Fair,432062
2746.0,6.0,1.0,2.0,,1.0,8.0,9.6,Good,605562
2533.0,5.0,3.0,2.0,8.0,2.0,5.0,3.1,Excellent,560626
1282.0,2.0,1.0,1.0,38.0,2.0,1.0,18.4,Poor,224983
4683.0,1.0,4.0,2.0,45.0,2.0,3.0,13.3,Fair,851255
3669.0,4.0,4.0,3.0,48.0,2.0,1.0,29.4,Fair,660123
1891.0,3.0,2.0,1.0,23.0,1.0,3.0,,Excellent,392305
3748.0,4.0,,1.0,1.0,1.0,8.0,35.5,Poor,761360
3387.0,1.0,1.0,1.0,19.0,3.0,8.0,25.1,Excellent,697373
3602.0,2.0,1.0,2.0,25.0,3.0,,21.0,Poor,761260
3023.0,6.0,3.0,3.0,36.0,1.0,9.0,35.0,Poor,678432
2816.0,5.0,1.0,3.0,18.0,0.0,1.0,36.8,Poor,491086
4172.0,5.0,2.0,2.0,5.0,2.0,1.0,21.3,Excellent,792278
2800.0,4.0,1.0,1.0,5.0,3.0,2.0,9.1,Good,588933
3788.0,6.0,5.0,1.0,5.0,0.0,4.0,14.0,Excellent,802157
3597.0,2.0,2.0,3.0,24.0,2.0,5.0,9.3,Excellent,732467
4941.0,4.0,5.0,2.0,23.0,1.0,9.0,28.4,,1007716
1879.0,4.0,,2.0,3.0,0.0,1.0,34.3,Fair,362064
3581.0,5.0,3.0,1.0,42.0,2.0,4.0,24.8,Fair,694187
3875.0,5.0,5.0,2.0,14.0,3.0,,12.9,Good,817810
1393.0,3.0,5.0,2.0,5.0,0.0,4.0,1.4,Good,346437
4740.0,3.0,2.0,,8.0,1.0,4.0,25.1,Excellent,880032
4496.0,6.0,1.0,1.0,24.0,2.0,7.0,11.4,,951071
4210.0,4.0,2.0,3.0,37.0,3.0,10.0,32.3,Fair,867237
2425.0,4.0,2.0,,34.0,,9.0,2.0,Fair,584764
4044.0,1.0,1.0,2.0,14.0,3.0,5.0,39.4,Excellent,728175
,5.0,4.0,2.0,49.0,1.0,1.0,1.5,,843184
3114.0,2.0,2.0,2.0,43.0,3.0,4.0,7.3,Excellent,608925
4847.0,3.0,3.0,1.0,,0.0,10.0,5.8,Poor,968456
4797.0,4.0,3.0,1.0,38.0,1.0,8.0,31.1,Good,970139
2630.0,1.0,3.0,1.0,0.0,0.0,8.0,4.3,Poor,597635
3891.0,5.0,4.0,,10.0,0.0,1.0,16.7,Good,757100
4793.0,3.0,,,44.0,0.0,5.0,,Poor,901053
3154.0,5.0,2.0,3.0,29.0,0.0,6.0,8.0,Fair,632323
633.0,1.0,2.0,1.0,21.0,,9.0,23.7,Poor,216990
1536.0,6.0,1.0,1.0,12.0,2.0,1.0,14.2,,319442
2451.0,2.0,3.0,2.0,50.0,1.0,3.0,38.6,Poor,402631
3302.0,4.0,4.0,,21.0,3.0,7.0,18.7,Excellent,729200
818.0,1.0,3.0,,11.0,1.0,1.0,8.8,Excellent,192053
2355.0,6.0,3.0,,11.0,1.0,,3.3,Good,489598
1512.0,6.0,3.0,3.0,16.0,1.0,6.0,2.2,Good,391279
3948.0,1.0,2.0,3.0,46.0,,9.0,22.6,Excellent,783077
4377.0,3.0,2.0,1.0,9.0,1.0,9.0,28.9,Fair,867944
3920.0,2.0,2.0,3.0,,1.0,3.0,34.7,Excellent,752574
1793.0,1.0,5.0,2.0,48.0,2.0,,10.0,Excellent,438947
731.0,5.0,5.0,2.0,23.0,3.0,8.0,18.9,Good,278073
2280.0,5.0,3.0,1.0,,1.0,1.0,33.3,Fair,444828
2894.0,5.0,3.0,,48.0,0.0,5.0,30.0,Fair,564868
1771.0,5.0,5.0,,,1.0,7.0,,,456073
4189.0,2.0,2.0,2.0,38.0,0.0,7.0,38.3,Fair,766421
1866.0,3.0,2.0,2.0,32.0,3.0,9.0,27.8,Good,461851
1258.0,6.0,4.0,3.0,15.0,1.0,1.0,8.0,Fair,320539
3508.0,6.0,4.0,1.0,15.0,1.0,5.0,37.9,Good,706817
,3.0,2.0,3.0,,2.0,2.0,4.9,Excellent,420439
3589.0,4.0,3.0,3.0,20.0,0.0,3.0,4.1,Good,694553
3548.0,,,1.0,16.0,3.0,3.0,25.6,Good,723280
4215.0,3.0,2.0,3.0,24.0,,7.0,4.4,Fair,885398
983.0,2.0,2.0,2.0,48.0,2.0,4.0,8.8,Poor,236813
3481.0,6.0,5.0,2.0,17.0,3.0,7.0,27.2,Good,752039
734.0,6.0,5.0,1.0,41.0,1.0,10.0,,Fair,281831
1261.0,,1.0,3.0,19.0,2.0,8.0,4.6,Excellent,362347
1216.0,3.0,1.0,3.0,42.0,3.0,,32.2,,193147
2608.0,6.0,2.0,3.0,,0.0,,40.0,Excellent,524144
4377.0,6.0,5.0,1.0,34.0,3.0,10.0,9.4,,974867
2787.0,6.0,,2.0,5.0,0.0,2.0,,Excellent,520465
4919.0,2.0,3.0,2.0,33.0,2.0,5.0,36.9,Fair,888889
1737.0,5.0,4.0,2.0,16.0,3.0,6.0,35.1,Excellent,396380
2277.0,3.0,3.0,1.0,33.0,2.0,8.0,19.8,Fair,517324
3338.0,1.0,4.0,3.0,12.0,3.0,5.0,38.6,Good,652183
2426.0,3.0,3.0,2.0,35.0,0.0,5.0,,Excellent,498567
4781.0,2.0,3.0,3.0,23.0,2.0,3.0,33.0,Fair,902442
3704.0,4.0,2.0,2.0,31.0,0.0,9.0,18.8,Excellent,771442
2783.0,4.0,3.0,,15.0,,7.0,29.1,Poor,600749
1410.0,6.0,1.0,2.0,45.0,0.0,7.0,,Fair,331836
4868.0,2.0,4.0,3.0,31.0,1.0,,30.5,Fair,911467
2087.0,6.0,2.0,,15.0,3.0,,32.4,Fair,480278
1336.0,5.0,4.0,3.0,47.0,0.0,1.0,34.7,Fair,227408
1745.0,2.0,5.0,1.0,30.0,2.0,9.0,7.1,Excellent,469071
,5.0,3.0,1.0,4.0,3.0,3.0,16.6,Fair,371417
3595.0,,4.0,2.0,0.0,,10.0,27.4,,767737
2578.0,5.0,2.0,2.0,43.0,2.0,6.0,21.8,,527185
3291.0,5.0,4.0,1.0,20.0,3.0,2.0,33.7,,659890
4242.0,2.0,5.0,3.0,44.0,0.0,8.0,,Fair,829255
1746.0,6.0,3.0,2.0,7.0,1.0,6.0,23.8,,435222
996.0,5.0,4.0,3.0,45.0,3.0,9.0,28.9,,306389
4699.0,,5.0,3.0,48.0,3.0,,36.5,Good,895826
,6.0,2.0,2.0,19.0,0.0,4.0,29.5,Poor,686474
2566.0,1.0,4.0,3.0,17.0,2.0,4.0,21.0,Fair,493756
845.0,5.0,2.0,2.0,26.0,1.0,5.0,,,233296
1121.0,1.0,1.0,2.0,45.0,3.0,,20.3,Fair,185265
2061.0,3.0,2.0,3.0,48.0,1.0,8.0,18.2,Good,413383
803.0,4.0,4.0,2.0,41.0,1.0,3.0,10.4,Fair,218988
4808.0,5.0,2.0,3.0,,2.0,7.0,25.2,Good,984469
2108.0,4.0,1.0,2.0,36.0,1.0,1.0,21.1,Poor,351974
2659.0,5.0,1.0,1.0,45.0,1.0,7.0,19.0,Fair,530742
2779.0,5.0,5.0,3.0,13.0,,,28.8,Fair,564910
3039.0,1.0,2.0,2.0,21.0,0.0,2.0,9.6,Good,563402
2310.0,4.0,2.0,2.0,47.0,3.0,2.0,37.3,Poor,427264
1965.0,2.0,1.0,2.0,28.0,1.0,,29.6,,348394
1799.0,4.0,1.0,,5.0,0.0,6.0,19.9,Poor,421530
1922.0,4.0,1.0,3.0,41.0,,10.0,18.2,Good,464868
3062.0,,5.0,,32.0,3.0,10.0,35.3,Excellent,635351
1298.0,5.0,2.0,2.0,9.0,,9.0,4.9,,404348
,3.0,4.0,1.0,21.0,2.0,8.0,27.0,,331586
1339.0,,,1.0,6.0,1.0,8.0,12.4,Fair,360798
744.0,4.0,1.0,3.0,41.0,0.0,1.0,20.8,Good,114299
648.0,2.0,1.0,1.0,,0.0,5.0,,Good,203178
931.0,2.0,5.0,,50.0,1.0,8.0,1.6,Good,282388
2274.0,5.0,2.0,1.0,30.0,2.0,3.0,6.2,,462499
,1.0,4.0,3.0,30.0,3.0,1.0,6.3,Fair,902308
1621.0,4.0,1.0,1.0,19.0,1.0,6.0,37.9,Fair,357422
4179.0,2.0,5.0,1.0,27.0,0.0,1.0,30.3,Fair,763685
3067.0,5.0,5.0,3.0,1.0,1.0,3.0,11.8,Excellent,628249
,3.0,1.0,3.0,,1.0,4.0,5.7,Good,568420
1351.0,5.0,4.0,3.0,39.0,1.0,10.0,27.5,Excellent,356575
2789.0,6.0,1.0,2.0,26.0,2.0,9.0,7.8,Excellent,660149
2103.0,4.0,,,28.0,1.0,7.0,15.3,Good,448759
1730.0,4.0,4.0,3.0,23.0,3.0,1.0,13.3,Excellent,381560
4624.0,2.0,5.0,2.0,6.0,3.0,8.0,18.5,Poor,966326
2545.0,1.0,4.0,1.0,49.0,1.0,6.0,24.7,Good,504859
859.0,3.0,1.0,1.0,34.0,1.0,8.0,8.5,Good,225820
,,,1.0,27.0,3.0,10.0,11.7,Excellent,927509
1777.0,5.0,5.0,3.0,34.0,0.0,7.0,30.5,Fair,410090
2355.0,3.0,4.0,1.0,19.0,2.0,7.0,13.9,Good,552162
3842.0,2.0,3.0,2.0,45.0,2.0,3.0,6.2,,739514
920.0,6.0,2.0,1.0,46.0,2.0,10.0,16.5,Fair,314149
3649.0,6.0,1.0,1.0,26.0,,,20.6,Poor,777381
,4.0,2.0,,10.0,1.0,3.0,32.8,Poor,522526
2025.0,4.0,5.0,1.0,44.0,2.0,3.0,19.3,Good,422252
632.0,3.0,2.0,1.0,35.0,3.0,1.0,8.1,Poor,134178
1840.0,6.0,4.0,2.0,32.0,1.0,5.0,,Good,392601
4791.0,3.0,4.0,1.0,21.0,0.0,7.0,7.7,Excellent,937351
3740.0,,5.0,1.0,3.0,0.0,1.0,8.0,Excellent,710683
624.0,5.0,4.0,2.0,,3.0,5.0,27.5,Good,183792
2464.0,,3.0,3.0,8.0,2.0,10.0,39.3,Good,572462
3053.0,3.0,4.0,1.0,39.0,3.0,9.0,19.0,Fair,639541
3116.0,4.0,2.0,1.0,35.0,0.0,4.0,5.7,Poor,623116
4476.0,3.0,2.0,3.0,44.0,3.0,10.0,4.4,Excellent,902284
1522.0,3.0,3.0,3.0,36.0,1.0,5.0,14.0,Fair,331885
3947.0,6.0,4.0,1.0,24.0,0.0,8.0,19.0,Good,849354
,4.0,4.0,2.0,25.0,2.0,,6.9,Poor,566106
4742.0,5.0,3.0,3.0,34.0,1.0,8.0,32.1,Excellent,965815
1470.0,5.0,5.0,2.0,36.0,1.0,3.0,17.8,Poor,349335
1559.0,5.0,1.0,3.0,16.0,3.0,3.0,7.5,Excellent,363528
3907.0,6.0,5.0,2.0,33.0,2.0,10.0,16.3,Fair,890979
3012.0,5.0,,2.0,43.0,1.0,5.0,16.1,Poor,595126
1966.0,5.0,2.0,1.0,34.0,2.0,8.0,37.5,Poor,446620
3728.0,6.0,,3.0,41.0,0.0,3.0,13.8,Poor,729642
3322.0,3.0,1.0,3.0,45.0,0.0,7.0,31.0,Excellent,656356
,3.0,2.0,2.0,49.0,1.0,10.0,36.5,Excellent,481778
3125.0,6.0,4.0,2.0,6.0,1.0,2.0,35.5,Excellent,634810
1482.0,5.0,3.0,3.0,42.0,1.0,6.0,33.2,Excellent,315540
,4.0,1.0,3.0,7.0,1.0,6.0,30.2,Fair,394463
906.0,4.0,3.0,2.0,7.0,1.0,2.0,3.9,Excellent,247398
976.0,1.0,3.0,2.0,29.0,1.0,6.0,37.2,Fair,208412
3557.0,2.0,3.0,3.0,,,6.0,36.1,Excellent,681353
687.0,3.0,4.0,1.0,25.0,2.0,9.0,4.8,Good,255465
,2.0,1.0,3.0,31.0,1.0,2.0,29.5,Poor,613505
1046.0,5.0,2.0,3.0,9.0,3.0,6.0,28.3,Good,310194
2747.0,,5.0,2.0,49.0,0.0,,26.1,Poor,514816
4819.0,,1.0,1.0,14.0,0.0,9.0,5.4,Good,998681
1707.0,4.0,3.0,3.0,42.0,1.0,,9.8,Excellent,421181
3483.0,5.0,2.0,1.0,6.0,,4.0,35.4,Poor,706170
1988.0,1.0,5.0,3.0,27.0,2.0,6.0,29.3,Fair,414758
1831.0,3.0,1.0,2.0,3.0,3.0,2.0,5.2,Fair,365713
2133.0,3.0,5.0,3.0,49.0,,3.0,31.0,Fair,397875
3959.0,4.0,3.0,,,0.0,5.0,,Poor,750469
1220.0,3.0,5.0,1.0,28.0,2.0,7.0,2.2,Good,347566
709.0,3.0,3.0,3.0,23.0,0.0,,38.2,Good,161334
2770.0,4.0,1.0,2.0,7.0,2.0,2.0,23.9,Fair,540668
2649.0,5.0,4.0,3.0,37.0,1.0,1.0,,Good,460968
2994.0,3.0,5.0,2.0,5.0,1.0,6.0,10.4,Poor,636175
2527.0,6.0,,1.0,17.0,,8.0,15.7,Fair,609138
4956.0,6.0,4.0,2.0,2.0,1.0,4.0,,,1010653
,1.0,,2.0,28.0,0.0,5.0,31.4,Good,360333
624.0,5.0,3.0,2.0,35.0,1.0,10.0,15.2,,234157
,4.0,5.0,2.0,2.0,0.0,4.0,5.9,Poor,541617
826.0,3.0,4.0,3.0,29.0,3.0,6.0,35.7,Excellent,242789
1821.0,2.0,2.0,3.0,45.0,,3.0,10.0,Fair,367782
4595.0,6.0,1.0,3.0,31.0,0.0,7.0,,Good,896364
847.0,3.0,1.0,3.0,32.0,,6.0,28.9,Excellent,219695
4008.0,4.0,3.0,,5.0,3.0,7.0,7.7,Good,877441
3075.0,3.0,3.0,1.0,50.0,0.0,7.0,4.5,Good,636586
4887.0,4.0,3.0,3.0,46.0,2.0,5.0,39.7,Poor,931047
2486.0,4.0,4.0,1.0,28.0,0.0,4.0,,Good,462570
3960.0,,3.0,1.0,34.0,1.0,9.0,23.2,Excellent,788574
,6.0,3.0,2.0,36.0,3.0,7.0,23.4,Poor,264115
2405.0,4.0,1.0,2.0,3.0,2.0,8.0,14.8,Excellent,561951
1262.0,6.0,2.0,3.0,48.0,0.0,9.0,26.2,Excellent,332079
3238.0,6.0,3.0,1.0,16.0,0.0,1.0,33.0,Fair,578247
1556.0,5.0,,1.0,45.0,3.0,1.0,,Fair,299583
4944.0,2.0,4.0,1.0,30.0,2.0,4.0,35.9,Fair,945123
4008.0,,2.0,2.0,2.0,3.0,8.0,38.9,Excellent,809982
4107.0,1.0,4.0,1.0,43.0,3.0,5.0,4.4,Good,817915
,4.0,5.0,2.0,22.0,0.0,1.0,1.2,Fair,606635
3804.0,3.0,1.0,3.0,38.0,,,21.8,Poor,669948
3698.0,5.0,2.0,2.0,,1.0,7.0,30.1,,735249
1727.0,,1.0,,17.0,1.0,5.0,30.2,Good,358258
2675.0,4.0,5.0,1.0,8.0,1.0,4.0,2.7,Poor,598667
1801.0,2.0,1.0,3.0,29.0,3.0,9.0,26.9,Good,422969
1500.0,6.0,2.0,2.0,7.0,0.0,6.0,20.3,Fair,375498
4987.0,2.0,,2.0,10.0,1.0,8.0,,Good,977481
4911.0,1.0,,2.0,15.0,1.0,10.0,23.7,Poor,965674
728.0,2.0,2.0,2.0,50.0,0.0,4.0,1.5,Poor,175749
4043.0,5.0,,1.0,8.0,0.0,6.0,36.0,Poor,790021
4371.0,5.0,,1.0,26.0,2.0,8.0,21.6,Excellent,880996
3301.0,6.0,4.0,2.0,6.0,1.0,2.0,4.6,Good,711947
2084.0,1.0,3.0,1.0,26.0,2.0,1.0,26.6,Good,345875
710.0,1.0,3.0,3.0,6.0,,,37.4,Good,157219
,2.0,3.0,1.0,5.0,1.0,3.0,4.9,Good,407803
1817.0,3.0,4.0,1.0,23.0,1.0,3.0,,Poor,410064
953.0,4.0,5.0,2.0,1.0,1.0,10.0,27.3,,340171
4008.0,4.0,2.0,2.0,21.0,0.0,7.0,21.0,Good,794424
844.0,5.0,2.0,2.0,2.0,0.0,6.0,10.9,,268205
2601.0,6.0,2.0,1.0,,2.0,8.0,22.6,Fair,589717
698.0,3.0,1.0,2.0,43.0,,5.0,,Excellent,183726
2583.0,6.0,2.0,1.0,21.0,3.0,5.0,7.1,Poor,544015
2030.0,1.0,1.0,,1.0,1.0,2.0,26.3,Good,374148
,,3.0,1.0,,3.0,9.0,3.7,Good,413505
,1.0,,3.0,44.0,1.0,1.0,7.1,Fair,171050
1678.0,6.0,4.0,2.0,27.0,2.0,1.0,10.8,Good,338504
,2.0,4.0,3.0,22.0,0.0,2.0,14.1,Good,708739
631.0,5.0,5.0,2.0,46.0,0.0,,31.4,Good,157690
4877.0,3.0,5.0,2.0,41.0,1.0,6.0,38.2,Poor,899125
3133.0,6.0,1.0,2.0,22.0,3.0,3.0,,Excellent,627013
3273.0,1.0,3.0,3.0,42.0,2.0,9.0,37.2,Good,663059
1906.0,3.0,3.0,1.0,47.0,3.0,2.0,22.0,Fair,349545
3865.0,,5.0,1.0,30.0,1.0,3.0,40.0,Good,699566
4616.0,4.0,3.0,2.0,21.0,,8.0,20.5,Poor,962904
2982.0,,5.0,3.0,40.0,3.0,8.0,14.1,Excellent,629703
1267.0,,3.0,,9.0,,4.0,6.0,Poor,333281
724.0,,2.0,3.0,35.0,0.0,5.0,18.7,Good,166654
,3.0,4.0,2.0,20.0,2.0,9.0,22.5,Poor,577038
3747.0,6.0,2.0,1.0,5.0,1.0,,27.5,Poor,736220
3427.0,,1.0,3.0,35.0,0.0,1.0,7.9,Poor,591554
3190.0,5.0,5.0,2.0,50.0,0.0,2.0,,Excellent,614426
4564.0,,2.0,3.0,10.0,1.0,10.0,6.4,Fair,967415
2254.0,1.0,4.0,1.0,26.0,0.0,6.0,32.0,Excellent,433134
1025.0,1.0,2.0,3.0,34.0,1.0,6.0,14.2,Good,261872
4520.0,4.0,5.0,1.0,42.0,2.0,5.0,33.0,Good,845214
,2.0,5.0,3.0,,0.0,4.0,33.9,,585611
4676.0,6.0,1.0,2.0,41.0,,1.0,,Poor,858134
3622.0,4.0,4.0,1.0,,0.0,1.0,14.8,Fair,717407
4515.0,6.0,5.0,1.0,24.0,2.0,3.0,21.5,Excellent,876870
4958.0,5.0,1.0,3.0,25.0,2.0,,34.2,Good,934721
,5.0,2.0,2.0,28.0,0.0,5.0,6.9,Fair,275111
1467.0,1.0,5.0,3.0,28.0,0.0,,39.4,Fair,339842
2174.0,3.0,5.0,1.0,46.0,3.0,4.0,24.7,Poor,425430
2280.0,2.0,1.0,2.0,22.0,1.0,9.0,32.9,,510241
1066.0,2.0,1.0,2.0,22.0,0.0,,40.0,Good,157449
3882.0,6.0,1.0,3.0,27.0,3.0,3.0,13.2,Poor,740617
4251.0,1.0,5.0,2.0,7.0,,6.0,12.7,Good,851690
3666.0,4.0,3.0,2.0,6.0,0.0,,18.6,Excellent,794980
1353.0,4.0,1.0,3.0,11.0,2.0,4.0,10.0,Fair,326808
1347.0,3.0,4.0,1.0,,1.0,10.0,38.2,,384239
3785.0,3.0,1.0,3.0,2.0,0.0,6.0,38.6,Fair,710234
2870.0,4.0,,1.0,5.0,3.0,6.0,10.1,Fair,650667
1040.0,2.0,1.0,2.0,22.0,,6.0,5.3,Excellent,298106
4897.0,4.0,5.0,1.0,27.0,3.0,5.0,29.2,,935142
3527.0,2.0,2.0,2.0,0.0,3.0,,38.9,Good,682144
1587.0,5.0,,2.0,36.0,0.0,6.0,,Excellent,385566
1852.0,1.0,5.0,3.0,42.0,1.0,3.0,9.4,Fair,375350
3863.0,5.0,2.0,3.0,4.0,3.0,1.0,7.6,Good,750184
2653.0,6.0,1.0,2.0,24.0,0.0,3.0,37.3,Fair,477536
975.0,3.0,2.0,1.0,35.0,1.0,1.0,24.9,Good,171374
1730.0,5.0,4.0,,33.0,2.0,2.0,23.0,Excellent,325418
1951.0,1.0,2.0,1.0,,3.0,,22.7,Excellent,412087
3308.0,3.0,5.0,3.0,9.0,0.0,5.0,32.9,Good,636973
3289.0,3.0,2.0,3.0,12.0,0.0,2.0,38.1,Excellent,569681
2715.0,,5.0,2.0,38.0,0.0,4.0,5.2,Fair,544115
4976.0,6.0,,1.0,3.0,1.0,9.0,,Excellent,1054839
3702.0,3.0,4.0,2.0,9.0,,4.0,4.5,Excellent,773635
3979.0,6.0,4.0,,47.0,,1.0,4.1,Good,766935
1707.0,5.0,3.0,3.0,44.0,3.0,4.0,35.9,Poor,322341
635.0,3.0,3.0,2.0,13.0,2.0,8.0,11.9,Excellent,253028
3933.0,2.0,1.0,3.0,38.0,3.0,1.0,28.7,Poor,698717
4338.0,6.0,,2.0,,3.0,1.0,,Fair,862810
1217.0,1.0,4.0,3.0,47.0,2.0,2.0,22.5,Poor,211872
2089.0,6.0,4.0,,21.0,2.0,7.0,31.2,Good,458497
1902.0,4.0,2.0,3.0,46.0,2.0,4.0,,Excellent,363889
,6.0,1.0,3.0,23.0,3.0,1.0,,Poor,852552
4745.0,4.0,4.0,2.0,38.0,1.0,8.0,22.1,,978032
1525.0,2.0,2.0,3.0,1.0,0.0,4.0,9.4,Good,366533
2008.0,3.0,5.0,2.0,3.0,3.0,9.0,26.7,Good,474364
4551.0,5.0,3.0,3.0,30.0,2.0,10.0,36.9,,930834
3234.0,5.0,3.0,,42.0,3.0,6.0,14.6,Excellent,647012
3869.0,1.0,,2.0,37.0,1.0,7.0,3.2,Poor,771954
2571.0,6.0,3.0,2.0,37.0,3.0,2.0,38.6,Poor,489326
1289.0,2.0,1.0,1.0,27.0,3.0,5.0,12.1,Excellent,266764
3206.0,2.0,5.0,3.0,20.0,2.0,8.0,35.8,Fair,671120
,6.0,2.0,1.0,8.0,2.0,4.0,16.2,Excellent,456615
1934.0,4.0,2.0,3.0,5.0,2.0,2.0,,Fair,366060
5000.0,6.0,1.0,1.0,3.0,2.0,4.0,18.8,,1000975
3138.0,6.0,3.0,3.0,37.0,0.0,6.0,12.2,Excellent,661897
2068.0,2.0,3.0,2.0,2.0,0.0,10.0,4.8,Good,512021
3987.0,4.0,5.0,2.0,47.0,1.0,5.0,1.1,Good,772893
4546.0,4.0,,2.0,48.0,0.0,7.0,,Excellent,874897
3096.0,6.0,3.0,1.0,42.0,3.0,7.0,1.1,Excellent,674911
1059.0,2.0,5.0,1.0,32.0,1.0,10.0,,Good,286314
4658.0,2.0,4.0,1.0,23.0,3.0,10.0,30.8,Poor,983662
1685.0,6.0,4.0,2.0,6.0,1.0,4.0,8.7,Poor,388748
,4.0,2.0,2.0,25.0,1.0,9.0,7.2,Excellent,559852
,1.0,4.0,1.0,41.0,1.0,7.0,29.1,Poor,787322
4469.0,6.0,1.0,2.0,25.0,2.0,2.0,36.5,Excellent,812117
1752.0,4.0,2.0,2.0,28.0,0.0,10.0,29.7,Fair,440654
3702.0,4.0,3.0,1.0,23.0,2.0,5.0,25.5,Fair,757740
2999.0,2.0,2.0,2.0,25.0,0.0,3.0,13.4,Poor,571734
2273.0,5.0,3.0,2.0,10.0,1.0,6.0,25.9,Poor,516054
3761.0,,2.0,3.0,31.0,2.0,,12.9,Poor,731738
3208.0,4.0,,1.0,27.0,2.0,10.0,6.3,Fair,718311
2768.0,6.0,1.0,1.0,35.0,2.0,6.0,,Good,614243
3203.0,1.0,4.0,,3.0,2.0,9.0,33.5,Good,686404
3747.0,,,2.0,10.0,2.0,5.0,28.5,Excellent,741953
897.0,5.0,5.0,1.0,25.0,2.0,4.0,15.8,Fair,241440
1296.0,5.0,2.0,2.0,50.0,3.0,6.0,37.5,Fair,287438
1759.0,2.0,2.0,2.0,24.0,0.0,2.0,38.9,Fair,275222
4591.0,6.0,5.0,3.0,43.0,2.0,4.0,,,900905
2477.0,6.0,,1.0,31.0,2.0,,2.5,Excellent,553145
2810.0,3.0,,2.0,,0.0,1.0,8.9,Fair,501940
2131.0,4.0,1.0,3.0,34.0,2.0,5.0,8.4,Poor,429339
4269.0,1.0,1.0,2.0,25.0,2.0,,,Excellent,851088
4223.0,6.0,4.0,2.0,30.0,2.0,7.0,38.9,Poor,824376
2469.0,6.0,3.0,1.0,,3.0,4.0,28.2,Good,542035
2655.0,4.0,1.0,3.0,42.0,0.0,2.0,23.1,Fair,493293
1969.0,5.0,4.0,1.0,39.0,2.0,10.0,19.9,Poor,501473
1182.0,2.0,1.0,1.0,22.0,0.0,,36.2,Excellent,197818
2496.0,4.0,,1.0,50.0,1.0,,22.5,Poor,503584
1132.0,1.0,1.0,3.0,20.0,0.0,3.0,5.3,Excellent,247466
2278.0,6.0,5.0,2.0,37.0,3.0,1.0,39.2,Fair,429787
1140.0,2.0,5.0,3.0,33.0,1.0,2.0,9.9,Good,249395
1702.0,3.0,5.0,2.0,0.0,0.0,6.0,24.7,Excellent,426403
4017.0,2.0,3.0,3.0,39.0,2.0,3.0,37.6,Poor,705745
1431.0,5.0,4.0,1.0,34.0,2.0,3.0,3.0,Poor,332880
3928.0,,5.0,1.0,36.0,1.0,2.0,1.2,Fair,797919
924.0,4.0,1.0,2.0,28.0,0.0,4.0,6.8,Excellent,229702
4471.0,5.0,,2.0,42.0,3.0,,31.8,Fair,870178
1371.0,3.0,2.0,2.0,1.0,3.0,8.0,14.7,Good,375894
1974.0,6.0,1.0,2.0,,2.0,7.0,19.5,Poor,459246
,5.0,3.0,2.0,42.0,3.0,1.0,3.5,Good,644395
3689.0,3.0,,2.0,21.0,0.0,6.0,35.1,Fair,705679
1462.0,1.0,1.0,1.0,25.0,0.0,4.0,13.8,Good,295526
,4.0,4.0,3.0,7.0,1.0,6.0,10.8,Good,439407
3923.0,4.0,1.0,1.0,14.0,0.0,3.0,12.7,Good,745576
3727.0,2.0,3.0,2.0,26.0,1.0,7.0,,Poor,780315
4781.0,5.0,1.0,2.0,0.0,1.0,9.0,6.9,Good,999716
4247.0,5.0,,,25.0,0.0,10.0,13.1,Poor,895149
1571.0,3.0,4.0,3.0,12.0,1.0,1.0,11.6,Good,304872
,1.0,,2.0,26.0,3.0,7.0,,Fair,564160
4221.0,4.0,1.0,1.0,20.0,1.0,3.0,,Good,798862
1979.0,1.0,2.0,2.0,48.0,2.0,2.0,5.0,Excellent,347767
4755.0,,5.0,2.0,23.0,,1.0,31.3,Poor,879533
4070.0,4.0,2.0,3.0,22.0,2.0,10.0,22.5,Excellent,836236
3655.0,1.0,3.0,3.0,8.0,2.0,8.0,12.8,Poor,793431
,3.0,5.0,1.0,44.0,2.0,9.0,6.8,Excellent,546086
1170.0,3.0,4.0,1.0,1.0,1.0,1.0,21.2,Good,272596
2274.0,6.0,1.0,1.0,21.0,1.0,5.0,4.1,Excellent,533095
1267.0,6.0,2.0,2.0,7.0,1.0,3.0,37.6,Fair,296720
,6.0,4.0,3.0,32.0,1.0,6.0,20.6,Good,459018
2939.0,1.0,5.0,3.0,13.0,2.0,7.0,,Good,629884
2161.0,2.0,,2.0,42.0,3.0,10.0,10.3,Fair,472240
,1.0,2.0,3.0,50.0,0.0,1.0,,Fair,180557
1845.0,1.0,3.0,2.0,10.0,2.0,9.0,16.7,Excellent,422304
1960.0,5.0,4.0,3.0,0.0,2.0,5.0,4.8,Fair,457367
3599.0,4.0,3.0,,33.0,1.0,8.0,22.2,Good,747207
2854.0,1.0,2.0,,20.0,,6.0,15.6,Good,572938
4149.0,6.0,2.0,3.0,,0.0,2.0,3.8,Excellent,806179
1032.0,5.0,5.0,2.0,16.0,2.0,1.0,34.6,,213312
2411.0,4.0,1.0,1.0,6.0,3.0,1.0,5.0,Good,489068
1132.0,6.0,3.0,1.0,43.0,0.0,5.0,15.7,Good,249548
3008.0,5.0,2.0,1.0,28.0,2.0,10.0,8.9,Excellent,670658
3130.0,3.0,5.0,3.0,30.0,0.0,8.0,,Excellent,706854
1559.0,5.0,3.0,3.0,9.0,0.0,6.0,28.4,Poor,350165
624.0,2.0,5.0,,2.0,1.0,8.0,33.3,,204353
2269.0,,2.0,1.0,34.0,2.0,4.0,19.9,Poor,470248
2528.0,4.0,5.0,1.0,11.0,3.0,,11.7,Good,556019
4315.0,2.0,3.0,,25.0,1.0,6.0,7.6,Poor,878067
4134.0,1.0,2.0,1.0,24.0,2.0,6.0,29.3,Excellent,767634
2816.0,,5.0,2.0,1.0,3.0,6.0,17.0,Fair,622983
833.0,2.0,1.0,1.0,3.0,2.0,10.0,1.0,Excellent,281303
3968.0,6.0,,3.0,43.0,1.0,9.0,34.8,Good,830559
2566.0,4.0,2.0,1.0,6.0,3.0,6.0,17.1,Good,537329
1442.0,2.0,4.0,2.0,35.0,3.0,4.0,10.4,Excellent,325668
3335.0,2.0,2.0,1.0,29.0,1.0,,28.7,Poor,605159
1313.0,5.0,2.0,1.0,10.0,3.0,,2.2,Excellent,304535
690.0,4.0,2.0,1.0,25.0,,8.0,20.2,Poor,206384
3578.0,3.0,2.0,1.0,,0.0,5.0,,Good,734212
4045.0,5.0,1.0,3.0,28.0,3.0,8.0,,Poor,791920
4264.0,3.0,5.0,1.0,,0.0,5.0,37.4,Excellent,789310
808.0,6.0,,3.0,19.0,1.0,9.0,,Poor,288547
3946.0,,,3.0,23.0,2.0,3.0,20.0,Excellent,734919
1346.0,4.0,4.0,,2.0,0.0,10.0,15.3,Poor,384336
2060.0,6.0,3.0,2.0,9.0,0.0,2.0,36.5,,437217
3591.0,6.0,2.0,1.0,25.0,2.0,10.0,19.0,Excellent,803699
1760.0,4.0,2.0,2.0,9.0,2.0,8.0,16.3,Poor,457008
1081.0,,3.0,3.0,50.0,0.0,3.0,38.7,Good,204368
1752.0,4.0,4.0,,2.0,0.0,10.0,8.3,,462069
4344.0,6.0,3.0,1.0,14.0,1.0,10.0,9.6,Excellent,957259
745.0,,,,25.0,1.0,1.0,20.2,Poor,168337
3361.0,4.0,4.0,2.0,11.0,2.0,8.0,8.3,Poor,743406
2582.0,1.0,4.0,,35.0,1.0,9.0,18.1,Fair,534782
1816.0,3.0,3.0,1.0,17.0,0.0,7.0,26.6,Poor,390922
2088.0,1.0,5.0,3.0,15.0,2.0,5.0,2.6,Poor,448427
806.0,2.0,5.0,2.0,46.0,3.0,3.0,10.3,Good,216088
3186.0,2.0,2.0,3.0,20.0,1.0,8.0,9.0,Poor,644102
3359.0,6.0,5.0,2.0,47.0,,8.0,,Good,715636
4180.0,5.0,2.0,2.0,44.0,1.0,2.0,16.2,Poor,794292
1805.0,5.0,5.0,2.0,,3.0,,37.7,Poor,434842
1438.0,3.0,4.0,1.0,15.0,0.0,4.0,13.4,Good,349075
1646.0,6.0,3.0,1.0,14.0,2.0,10.0,5.3,Fair,490054
2144.0,1.0,1.0,2.0,34.0,1.0,,22.8,Excellent,430108
2175.0,,2.0,1.0,14.0,2.0,5.0,34.1,Fair,438190
1461.0,6.0,2.0,2.0,36.0,2.0,3.0,,,324709
2919.0,1.0,2.0,2.0,32.0,2.0,,34.4,Fair,562475
2165.0,,3.0,1.0,8.0,1.0,7.0,26.2,Good,477920
3194.0,2.0,2.0,2.0,33.0,3.0,8.0,15.7,Poor,654459
1928.0,3.0,4.0,3.0,12.0,0.0,7.0,18.6,Poor,437571
4383.0,2.0,5.0,,3.0,2.0,1.0,,Fair,781986
2799.0,5.0,4.0,3.0,33.0,1.0,8.0,37.4,Fair,603759
3722.0,,1.0,1.0,39.0,2.0,1.0,37.7,Fair,669732
2570.0,4.0,5.0,2.0,28.0,3.0,9.0,9.0,Fair,597807
,3.0,4.0,,0.0,2.0,6.0,,Poor,792165
1692.0,2.0,5.0,1.0,4.0,2.0,8.0,38.0,Excellent,397494
,5.0,1.0,1.0,40.0,2.0,6.0,,Excellent,653564
1015.0,4.0,5.0,1.0,50.0,2.0,8.0,,Poor,291291
3210.0,1.0,3.0,3.0,31.0,,10.0,25.5,Good,645513
3532.0,6.0,2.0,3.0,,2.0,1.0,23.3,Excellent,673897
,1.0,4.0,2.0,7.0,2.0,2.0,30.7,Excellent,295322
4733.0,4.0,1.0,1.0,1.0,0.0,4.0,16.7,Good,903361
1394.0,3.0,3.0,1.0,48.0,1.0,9.0,27.9,Excellent,300347
3655.0,3.0,4.0,1.0,22.0,0.0,5.0,7.1,Poor,714002
1999.0,,1.0,1.0,26.0,2.0,7.0,14.6,Excellent,484850
2367.0,4.0,2.0,,33.0,2.0,1.0,22.2,Fair,416416
1827.0,5.0,4.0,2.0,37.0,1.0,8.0,27.4,Excellent,439714
3430.0,5.0,4.0,2.0,6.0,1.0,1.0,14.0,Poor,669175
3839.0,2.0,3.0,1.0,20.0,,8.0,26.2,Good,790559
3896.0,,1.0,2.0,41.0,2.0,2.0,34.9,Poor,658238
1719.0,4.0,5.0,1.0,,1.0,10.0,36.4,Poor,442779
2813.0,5.0,2.0,3.0,3.0,1.0,9.0,10.4,Excellent,680660
773.0,2.0,2.0,3.0,,,,12.9,Poor,265914
3165.0,4.0,5.0,2.0,33.0,0.0,,14.5,Poor,627573
3569.0,3.0,5.0,3.0,0.0,0.0,5.0,6.9,Poor,752697
2239.0,5.0,5.0,,35.0,3.0,10.0,3.9,Poor,565341
3511.0,1.0,2.0,1.0,42.0,,1.0,31.1,Poor,571990
1468.0,2.0,,2.0,50.0,1.0,,5.8,Fair,279391
3507.0,5.0,1.0,1.0,30.0,1.0,7.0,13.9,Excellent,714083
1842.0,1.0,4.0,1.0,13.0,3.0,9.0,31.1,,414914
1415.0,2.0,5.0,1.0,46.0,3.0,2.0,7.9,Poor,294679
1986.0,5.0,,3.0,1.0,0.0,1.0,,Poor,386152
3621.0,,4.0,3.0,34.0,3.0,8.0,33.4,Fair,721771
1279.0,6.0,5.0,2.0,18.0,1.0,8.0,,Poor,355546
3536.0,3.0,1.0,2.0,37.0,2.0,3.0,26.6,Fair,648670
2670.0,,3.0,2.0,3.0,3.0,9.0,14.9,Good,662585
1892.0,6.0,1.0,1.0,4.0,0.0,6.0,14.2,,422838
1200.0,5.0,4.0,3.0,50.0,3.0,8.0,29.3,Fair,333407
4303.0,1.0,5.0,1.0,12.0,2.0,10.0,35.2,Good,876794
1564.0,3.0,2.0,1.0,49.0,3.0,1.0,18.2,Good,299603
4406.0,5.0,2.0,3.0,50.0,1.0,7.0,37.0,Poor,841334
4181.0,,5.0,2.0,21.0,1.0,2.0,26.6,Excellent,802350
1130.0,4.0,4.0,2.0,47.0,,10.0,35.1,Excellent,316722
1036.0,5.0,5.0,1.0,8.0,2.0,6.0,21.5,Good,276380
1268.0,5.0,4.0,1.0,17.0,0.0,6.0,30.5,Excellent,328971
815.0,,3.0,,11.0,1.0,9.0,18.7,Fair,246034
2008.0,,5.0,1.0,,3.0,3.0,8.7,Good,416574
1256.0,4.0,4.0,3.0,23.0,1.0,2.0,13.3,Good,304235
,1.0,3.0,1.0,35.0,0.0,9.0,13.8,Excellent,345904
3661.0,2.0,1.0,3.0,11.0,3.0,3.0,27.0,Good,666007
2826.0,5.0,5.0,1.0,38.0,2.0,6.0,4.1,Fair,621977
4844.0,2.0,2.0,2.0,36.0,3.0,10.0,2.3,Excellent,994833
,5.0,1.0,2.0,48.0,1.0,10.0,32.5,Excellent,596197
2427.0,5.0,3.0,1.0,38.0,1.0,,13.9,Excellent,545487
2963.0,2.0,2.0,3.0,11.0,0.0,8.0,19.2,Excellent,653698
1717.0,5.0,2.0,3.0,,1.0,3.0,28.4,Good,344973
969.0,1.0,5.0,1.0,36.0,0.0,2.0,36.1,Excellent,161263
1866.0,4.0,4.0,1.0,11.0,,10.0,8.5,Excellent,480602
4708.0,6.0,2.0,1.0,7.0,1.0,,25.0,Good,953203
1250.0,2.0,4.0,2.0,2.0,3.0,4.0,11.0,Fair,323511
,3.0,4.0,1.0,13.0,1.0,1.0,12.4,Poor,576613
2571.0,2.0,5.0,1.0,40.0,0.0,2.0,30.0,Good,448711
1239.0,2.0,1.0,2.0,48.0,2.0,9.0,17.6,Good,271195
,3.0,5.0,3.0,12.0,2.0,8.0,1.6,Poor,270295
2195.0,2.0,4.0,3.0,35.0,3.0,1.0,12.5,Poor,417584
2852.0,3.0,3.0,3.0,35.0,1.0,4.0,26.2,Fair,527455
1009.0,2.0,,3.0,26.0,0.0,2.0,14.0,Good,200522
4332.0,5.0,4.0,,30.0,3.0,7.0,,Good,862590
1326.0,3.0,1.0,3.0,45.0,0.0,7.0,6.4,,327509
1374.0,1.0,2.0,1.0,20.0,1.0,10.0,14.0,Poor,355848
2368.0,5.0,4.0,1.0,4.0,2.0,2.0,,Fair,513413
3328.0,5.0,5.0,3.0,0.0,3.0,2.0,,,688646
,3.0,4.0,1.0,26.0,2.0,1.0,35.5,,605358
,4.0,5.0,1.0,,3.0,7.0,22.9,Poor,902058
1399.0,5.0,2.0,3.0,19.0,1.0,2.0,23.0,Fair,306238
3561.0,1.0,,1.0,19.0,3.0,2.0,22.6,Fair,660787
1108.0,4.0,3.0,3.0,31.0,2.0,,29.4,Excellent,301041
899.0,6.0,5.0,,,2.0,7.0,24.9,Fair,277717
4431.0,1.0,2.0,2.0,15.0,1.0,4.0,28.1,Poor,803586
3589.0,3.0,,2.0,30.0,2.0,10.0,9.0,Poor,780089
853.0,2.0,2.0,2.0,35.0,2.0,3.0,33.6,Fair,162879
4244.0,2.0,5.0,1.0,19.0,2.0,6.0,2.5,Poor,877461
4267.0,6.0,5.0,1.0,15.0,0.0,1.0,38.1,Fair,819536
3539.0,2.0,1.0,1.0,49.0,1.0,10.0,30.2,Excellent,685457
2652.0,6.0,4.0,2.0,25.0,,5.0,22.1,Poor,546740
3578.0,,5.0,2.0,46.0,2.0,8.0,32.8,Excellent,714050
3664.0,1.0,,2.0,17.0,1.0,4.0,4.2,Excellent,755168
3065.0,4.0,,2.0,,,9.0,20.7,Fair,625892
4003.0,4.0,,3.0,33.0,,6.0,,Excellent,785935
2794.0,6.0,3.0,1.0,,1.0,5.0,,Fair,592931
4632.0,,5.0,2.0,23.0,0.0,5.0,10.7,Poor,883327
4643.0,4.0,1.0,1.0,34.0,1.0,6.0,11.6,Fair,885181
4529.0,2.0,2.0,,40.0,1.0,1.0,37.1,Fair,784856
4780.0,,3.0,2.0,47.0,3.0,,30.7,Good,910608
3069.0,5.0,4.0,2.0,7.0,1.0,9.0,,Good,688768
3911.0,4.0,5.0,,14.0,,4.0,17.5,,773991
4409.0,2.0,1.0,3.0,,0.0,9.0,19.9,Good,858516
3271.0,,,1.0,31.0,1.0,8.0,23.8,Fair,672886
3061.0,4.0,4.0,2.0,12.0,3.0,1.0,9.2,Poor,632029
1789.0,,5.0,1.0,32.0,,8.0,7.1,Good,434689
2581.0,5.0,5.0,1.0,11.0,1.0,6.0,38.0,Poor,536537
3840.0,5.0,4.0,2.0,39.0,0.0,3.0,10.3,Good,762960
,4.0,2.0,3.0,20.0,3.0,7.0,16.4,Good,886103
738.0,4.0,,2.0,40.0,1.0,4.0,35.7,Poor,153419
3847.0,5.0,4.0,3.0,10.0,0.0,9.0,31.9,Excellent,844206
3810.0,3.0,3.0,3.0,19.0,0.0,6.0,7.6,Poor,747064
4511.0,3.0,4.0,1.0,38.0,0.0,5.0,12.1,Good,887008
5000.0,6.0,5.0,3.0,50.0,2.0,8.0,35.1,Excellent,983567
2099.0,2.0,5.0,1.0,48.0,1.0,1.0,3.2,Good,375158
4258.0,,2.0,2.0,,2.0,5.0,18.3,,840873
774.0,5.0,5.0,3.0,29.0,1.0,4.0,18.3,Good,216664
3894.0,1.0,3.0,2.0,48.0,3.0,2.0,,Fair,687649
3251.0,5.0,4.0,1.0,48.0,,2.0,35.1,Good,623131
2771.0,3.0,2.0,,8.0,2.0,10.0,,Good,649745
3972.0,2.0,1.0,2.0,10.0,0.0,4.0,27.7,Good,746856
4023.0,4.0,4.0,1.0,36.0,1.0,3.0,32.4,Good,755434
2579.0,2.0,1.0,,49.0,,7.0,13.5,,527360
4741.0,1.0,4.0,3.0,3.0,3.0,9.0,9.9,Fair,990914
4957.0,,3.0,2.0,29.0,3.0,2.0,19.1,Poor,942650
3006.0,1.0,3.0,,7.0,,3.0,34.1,Good,590782
3432.0,6.0,2.0,2.0,22.0,0.0,5.0,23.0,Excellent,666520
4614.0,6.0,1.0,1.0,16.0,1.0,2.0,38.4,Excellent,869455
1917.0,6.0,4.0,1.0,4.0,2.0,2.0,3.3,Excellent,451114
2443.0,2.0,4.0,2.0,6.0,3.0,1.0,22.4,Fair,477752
1184.0,4.0,4.0,2.0,20.0,0.0,8.0,,Excellent,320523
1565.0,2.0,1.0,2.0,44.0,1.0,3.0,28.9,Fair,270047
3527.0,6.0,1.0,3.0,18.0,2.0,4.0,1.3,Excellent,741560
1958.0,6.0,5.0,1.0,,2.0,3.0,,Poor,437466
1713.0,,,2.0,33.0,1.0,7.0,,Good,364884
4099.0,1.0,1.0,3.0,47.0,0.0,2.0,39.3,Poor,671187
1485.0,4.0,3.0,2.0,27.0,1.0,2.0,8.4,Fair,294821
2712.0,6.0,5.0,1.0,24.0,0.0,5.0,22.8,Poor,591756
1252.0,4.0,2.0,1.0,25.0,3.0,6.0,5.1,Fair,312205
4817.0,4.0,5.0,1.0,10.0,3.0,6.0,24.9,Fair,1002523
2137.0,2.0,1.0,,35.0,3.0,7.0,36.4,Good,423752
3696.0,2.0,1.0,2.0,41.0,3.0,4.0,4.5,Excellent,681489
2705.0,,1.0,1.0,,3.0,9.0,23.1,Fair,630440
3891.0,6.0,2.0,2.0,44.0,3.0,5.0,28.5,Poor,738095
3534.0,6.0,2.0,1.0,33.0,,8.0,7.9,Excellent,742732
4113.0,6.0,5.0,2.0,27.0,2.0,6.0,8.5,Fair,878982
1425.0,5.0,1.0,3.0,39.0,1.0,9.0,5.3,Fair,371660
1774.0,2.0,5.0,3.0,25.0,0.0,3.0,38.9,Good,354848
3072.0,1.0,5.0,3.0,,2.0,1.0,29.9,Fair,530734
3257.0,5.0,1.0,2.0,24.0,0.0,6.0,4.8,Good,696185
1899.0,4.0,5.0,2.0,,3.0,2.0,33.5,Excellent,394206
3776.0,2.0,5.0,2.0,17.0,1.0,3.0,13.5,Fair,716833
1424.0,1.0,4.0,3.0,34.0,2.0,1.0,3.7,Poor,292427
2336.0,3.0,5.0,3.0,,1.0,10.0,39.4,,520507
4007.0,2.0,5.0,2.0,5.0,3.0,4.0,9.9,Fair,826861
4501.0,4.0,4.0,1.0,2.0,1.0,10.0,19.2,Poor,961723
2922.0,3.0,1.0,1.0,35.0,2.0,9.0,14.7,Excellent,614508
1740.0,2.0,5.0,3.0,20.0,3.0,10.0,,Fair,427500
3884.0,6.0,5.0,3.0,10.0,2.0,3.0,2.0,Fair,807674
1770.0,2.0,1.0,3.0,38.0,0.0,6.0,29.1,Poor,341448
1920.0,2.0,3.0,1.0,36.0,,10.0,5.9,,466323
2863.0,6.0,1.0,,5.0,,1.0,31.3,Fair,548031
2525.0,2.0,5.0,2.0,32.0,1.0,3.0,5.4,Poor,480516
2143.0,1.0,1.0,3.0,35.0,2.0,1.0,35.1,,334942
741.0,1.0,2.0,3.0,24.0,1.0,8.0,22.6,Fair,201370
2292.0,6.0,1.0,3.0,34.0,2.0,9.0,25.9,Excellent,526043
4042.0,6.0,4.0,3.0,44.0,0.0,,31.0,Fair,766090
4476.0,2.0,4.0,,,0.0,8.0,26.7,Good,907170
2983.0,,1.0,1.0,44.0,0.0,6.0,6.2,Good,613904
1059.0,3.0,3.0,2.0,3.0,,10.0,8.8,Good,335345
,3.0,1.0,2.0,3.0,1.0,8.0,38.8,Fair,384245
4323.0,1.0,4.0,3.0,49.0,0.0,,1.1,Poor,809082
,2.0,2.0,3.0,2.0,3.0,7.0,38.3,Fair,246251
2951.0,4.0,4.0,1.0,3.0,2.0,8.0,1.8,Poor,713937
1816.0,5.0,1.0,3.0,2.0,1.0,3.0,11.2,Excellent,382947
3952.0,3.0,1.0,2.0,48.0,0.0,10.0,12.1,Excellent,807810
4154.0,6.0,1.0,3.0,21.0,2.0,9.0,36.3,Poor,884613
,2.0,5.0,3.0,38.0,,8.0,37.7,Fair,550167
3354.0,2.0,2.0,1.0,2.0,1.0,3.0,31.2,Fair,625440
3796.0,4.0,3.0,2.0,10.0,3.0,10.0,31.5,Fair,801728
1876.0,3.0,3.0,2.0,,0.0,10.0,4.8,Poor,479980
,3.0,4.0,1.0,,0.0,9.0,39.1,Fair,687833
4035.0,4.0,5.0,3.0,15.0,0.0,1.0,,Fair,763628
4964.0,3.0,,3.0,,1.0,3.0,12.9,Excellent,901134
4500.0,,3.0,1.0,11.0,0.0,8.0,19.3,,908811
4330.0,6.0,5.0,1.0,24.0,1.0,6.0,23.6,Excellent,868250
1329.0,6.0,1.0,1.0,0.0,,10.0,22.6,Poor,385916
3097.0,4.0,,1.0,39.0,3.0,4.0,37.0,Excellent,610174
,,4.0,,,2.0,,38.0,,483701
1549.0,5.0,,2.0,8.0,3.0,4.0,24.1,Good,377466
3088.0,6.0,,3.0,,0.0,,28.0,Excellent,648667
4168.0,3.0,4.0,2.0,15.0,2.0,3.0,5.7,Fair,798387
950.0,2.0,5.0,2.0,16.0,1.0,8.0,25.8,Excellent,245018
2333.0,4.0,5.0,2.0,2.0,1.0,4.0,12.1,,532170
3703.0,2.0,3.0,3.0,26.0,1.0,9.0,29.2,,745457
2545.0,5.0,4.0,1.0,24.0,1.0,7.0,33.2,Good,527451
1118.0,6.0,5.0,2.0,15.0,3.0,9.0,14.3,Fair,353834
3164.0,4.0,1.0,2.0,1.0,2.0,5.0,1.5,Excellent,656659
3401.0,5.0,4.0,2.0,5.0,1.0,7.0,31.6,Good,731698
3434.0,1.0,3.0,1.0,41.0,2.0,9.0,37.0,Poor,691639
1533.0,3.0,1.0,1.0,40.0,2.0,5.0,26.7,Fair,322855
1486.0,1.0,4.0,3.0,39.0,2.0,4.0,5.3,Poor,336416
1165.0,6.0,,2.0,40.0,2.0,10.0,7.3,Fair,398055
3764.0,,2.0,1.0,19.0,0.0,,37.9,Excellent,726201
3524.0,5.0,3.0,2.0,24.0,1.0,10.0,17.2,Poor,745726
3712.0,5.0,2.0,3.0,24.0,2.0,9.0,,Poor,803621
4755.0,,3.0,,19.0,1.0,3.0,35.4,Poor,889110
1851.0,5.0,5.0,3.0,35.0,2.0,5.0,39.8,Fair,370710
4008.0,2.0,5.0,1.0,9.0,2.0,1.0,22.2,Good,766857
2378.0,,1.0,3.0,26.0,0.0,4.0,26.0,Poor,453837
,4.0,,1.0,4.0,1.0,6.0,35.8,Good,866066
3368.0,5.0,1.0,1.0,20.0,0.0,6.0,11.4,,715378
2004.0,6.0,2.0,3.0,24.0,2.0,5.0,37.2,Fair,423999
2166.0,4.0,,2.0,2.0,1.0,5.0,35.9,Excellent,482957
2065.0,1.0,2.0,3.0,50.0,0.0,10.0,30.8,Poor,446104
1829.0,4.0,1.0,3.0,48.0,0.0,4.0,39.7,Poor,337088
4998.0,5.0,1.0,,36.0,3.0,8.0,16.3,Poor,1028320
1049.0,5.0,5.0,3.0,2.0,3.0,6.0,15.1,Poor,306032
,3.0,5.0,1.0,35.0,3.0,1.0,9.9,Good,495213
2136.0,1.0,1.0,2.0,4.0,,9.0,4.5,Good,483731
3808.0,1.0,4.0,,49.0,2.0,4.0,5.5,Excellent,725337
3366.0,3.0,3.0,3.0,0.0,,4.0,31.0,Excellent,662073
4900.0,4.0,2.0,1.0,40.0,3.0,4.0,11.5,,945663
4279.0,5.0,2.0,2.0,34.0,,6.0,23.4,Excellent,862598
4965.0,4.0,3.0,3.0,28.0,1.0,2.0,11.7,Poor,948526
3533.0,1.0,4.0,1.0,37.0,0.0,5.0,21.6,,667807
1288.0,5.0,1.0,3.0,17.0,2.0,2.0,10.2,Good,254897
4658.0,2.0,1.0,1.0,49.0,2.0,2.0,18.1,Excellent,852170
1740.0,1.0,1.0,3.0,0.0,1.0,4.0,31.7,Good,367897
3539.0,2.0,4.0,1.0,16.0,1.0,9.0,9.9,Poor,770527
4511.0,1.0,5.0,3.0,,0.0,,33.0,Fair,838007
4181.0,,2.0,3.0,27.0,0.0,8.0,7.3,Good,854353
3750.0,3.0,1.0,3.0,24.0,,,12.8,,718155
1522.0,4.0,3.0,3.0,13.0,2.0,2.0,15.6,Poor,301089
2489.0,4.0,4.0,3.0,0.0,1.0,,9.7,Excellent,529860
4921.0,4.0,,1.0,34.0,1.0,9.0,36.5,Good,956280
4465.0,6.0,2.0,1.0,2.0,2.0,3.0,,Poor,887043
2064.0,2.0,3.0,3.0,50.0,1.0,9.0,2.5,Excellent,453440
,6.0,2.0,3.0,37.0,2.0,8.0,1.4,Fair,248574
,3.0,4.0,2.0,2.0,2.0,8.0,24.0,,765303
1945.0,,4.0,2.0,4.0,3.0,6.0,4.2,Good,516990
794.0,4.0,3.0,3.0,45.0,0.0,6.0,8.9,Fair,235188
1306.0,1.0,1.0,,9.0,2.0,9.0,12.4,Poor,340823
2649.0,3.0,,3.0,37.0,0.0,2.0,11.2,Fair,496676
1107.0,4.0,2.0,,41.0,1.0,9.0,11.1,Fair,326947
2977.0,6.0,1.0,3.0,44.0,0.0,9.0,23.7,Good,608308
2804.0,,,2.0,41.0,1.0,9.0,5.3,Good,616026
1694.0,1.0,1.0,3.0,48.0,2.0,3.0,18.4,Fair,316616
1901.0,5.0,3.0,2.0,26.0,1.0,10.0,36.3,Poor,463406
4200.0,5.0,5.0,1.0,28.0,1.0,3.0,28.5,Poor,806096
1203.0,1.0,5.0,2.0,3.0,3.0,7.0,31.4,Excellent,336192
4378.0,2.0,1.0,3.0,20.0,1.0,10.0,24.2,Poor,917991
4275.0,5.0,,1.0,24.0,0.0,8.0,34.4,Excellent,858138
4262.0,4.0,3.0,3.0,44.0,3.0,10.0,31.0,Fair,887902
3871.0,3.0,2.0,2.0,46.0,2.0,3.0,26.6,Poor,723218
2964.0,5.0,4.0,2.0,4.0,,4.0,15.7,Poor,628722
1837.0,5.0,4.0,,23.0,2.0,1.0,5.3,Excellent,367145
4949.0,6.0,2.0,3.0,35.0,1.0,9.0,10.1,Excellent,1013241
,6.0,4.0,2.0,,2.0,7.0,36.7,Excellent,739978
2353.0,5.0,1.0,3.0,48.0,2.0,1.0,17.4,Poor,425005
1436.0,1.0,1.0,3.0,19.0,,1.0,11.8,Poor,285625
1501.0,1.0,,3.0,21.0,1.0,3.0,35.7,,311433
4941.0,4.0,5.0,1.0,35.0,2.0,2.0,4.8,Fair,956146
3860.0,6.0,3.0,2.0,35.0,2.0,6.0,38.9,Good,780570
1702.0,6.0,1.0,3.0,31.0,0.0,7.0,5.2,Excellent,402197
960.0,4.0,4.0,3.0,40.0,1.0,6.0,16.1,Fair,239917
2276.0,3.0,1.0,1.0,,,5.0,24.7,Fair,458528
4729.0,3.0,4.0,3.0,40.0,3.0,8.0,,Excellent,962616
1242.0,5.0,3.0,2.0,7.0,2.0,8.0,13.7,Fair,385335
4607.0,5.0,3.0,3.0,2.0,,,38.5,Fair,867003
1600.0,2.0,4.0,3.0,39.0,1.0,2.0,36.6,Poor,291127
2927.0,1.0,1.0,2.0,45.0,0.0,1.0,21.1,Excellent,469336
3289.0,3.0,1.0,1.0,33.0,2.0,6.0,39.3,Fair,638046
4151.0,1.0,5.0,2.0,36.0,,4.0,25.3,Fair,742325
4509.0,5.0,5.0,3.0,28.0,1.0,6.0,19.2,Excellent,916595
3974.0,3.0,2.0,3.0,28.0,0.0,6.0,31.7,Excellent,755698
607.0,3.0,5.0,3.0,6.0,3.0,8.0,1.8,Poor,266407
4254.0,4.0,,2.0,42.0,3.0,8.0,,Excellent,885085
2717.0,5.0,3.0,3.0,29.0,3.0,,19.5,Good,566984
799.0,2.0,2.0,1.0,40.0,0.0,4.0,19.6,Poor,137860
3076.0,4.0,3.0,3.0,43.0,2.0,,29.2,Good,573935
2077.0,6.0,2.0,2.0,7.0,3.0,3.0,22.6,Excellent,455851
3456.0,3.0,5.0,3.0,0.0,1.0,2.0,9.2,Excellent,719132
3776.0,2.0,5.0,3.0,26.0,0.0,5.0,24.8,Poor,742213
1245.0,2.0,2.0,2.0,24.0,1.0,1.0,39.5,Poor,173003
855.0,5.0,5.0,2.0,42.0,0.0,1.0,6.4,Excellent,198999
3097.0,4.0,2.0,3.0,20.0,2.0,10.0,6.2,Fair,709505
1632.0,4.0,5.0,1.0,18.0,1.0,,13.9,Good,348920
4430.0,2.0,3.0,3.0,39.0,3.0,2.0,31.0,Excellent,785664
3285.0,4.0,2.0,2.0,,0.0,9.0,22.2,Excellent,711197
4444.0,3.0,2.0,,49.0,1.0,5.0,6.1,Excellent,822085
1875.0,,3.0,2.0,,,3.0,10.2,Excellent,430179
3849.0,6.0,4.0,1.0,42.0,0.0,5.0,38.1,Poor,765315
1604.0,3.0,4.0,1.0,40.0,1.0,7.0,2.4,Poor,407489
,4.0,4.0,2.0,4.0,0.0,3.0,30.5,Poor,670882
1791.0,3.0,1.0,,35.0,1.0,3.0,13.0,Poor,339605
3079.0,3.0,4.0,1.0,34.0,1.0,1.0,39.0,Fair,546628
2327.0,2.0,3.0,3.0,41.0,3.0,6.0,3.6,Excellent,484009
2750.0,3.0,4.0,3.0,21.0,3.0,1.0,14.3,Poor,521914
2553.0,4.0,,3.0,19.0,0.0,7.0,17.0,Fair,552583
3160.0,6.0,2.0,1.0,34.0,0.0,6.0,31.5,Poor,654514
2732.0,2.0,5.0,3.0,36.0,3.0,7.0,4.8,Fair,616100
1466.0,6.0,4.0,2.0,5.0,0.0,6.0,25.8,Fair,361728
1169.0,4.0,3.0,3.0,32.0,0.0,4.0,19.9,Excellent,248637
3497.0,2.0,,1.0,27.0,3.0,1.0,20.3,Poor,617705
1617.0,4.0,4.0,1.0,22.0,0.0,8.0,15.0,Good,428969
3494.0,6.0,5.0,3.0,1.0,0.0,,28.7,Poor,677570
3320.0,1.0,4.0,3.0,7.0,3.0,6.0,27.4,Fair,670955
1966.0,6.0,3.0,1.0,,0.0,1.0,19.5,Excellent,371960
629.0,4.0,1.0,,36.0,2.0,3.0,8.6,Fair,165449
3204.0,1.0,3.0,3.0,28.0,0.0,4.0,2.5,Poor,608410
3817.0,1.0,,2.0,,0.0,2.0,33.9,Fair,647439
4679.0,6.0,4.0,2.0,25.0,1.0,1.0,11.6,Good,886614
2218.0,3.0,5.0,3.0,15.0,1.0,8.0,26.4,Fair,487524
1333.0,2.0,3.0,3.0,12.0,1.0,10.0,24.2,Good,347560
4541.0,6.0,,3.0,21.0,,2.0,16.4,Fair,895479
2631.0,6.0,4.0,3.0,19.0,1.0,2.0,2.9,Excellent,559767
1284.0,1.0,5.0,1.0,27.0,1.0,,,Good,330065
847.0,1.0,4.0,3.0,42.0,3.0,7.0,24.9,,198203
2088.0,3.0,2.0,3.0,24.0,3.0,6.0,20.9,Poor,454060
3995.0,1.0,5.0,1.0,36.0,2.0,10.0,7.9,Fair,827144
759.0,1.0,3.0,,39.0,1.0,10.0,31.1,Fair,222772
4842.0,6.0,1.0,2.0,8.0,1.0,5.0,8.2,Poor,950563
1901.0,,1.0,2.0,37.0,2.0,1.0,28.6,Fair,337086
4189.0,5.0,2.0,3.0,2.0,1.0,8.0,31.7,Fair,845571
2887.0,6.0,2.0,1.0,24.0,1.0,5.0,13.7,Fair,586850
1923.0,5.0,1.0,3.0,27.0,2.0,2.0,20.4,Fair,396102
4732.0,1.0,5.0,,36.0,0.0,6.0,19.7,,906104
,1.0,4.0,1.0,28.0,3.0,2.0,34.6,Good,529092
2252.0,1.0,4.0,2.0,11.0,,9.0,38.6,Fair,493522
1887.0,3.0,2.0,1.0,44.0,3.0,3.0,35.7,Poor,338450
4487.0,5.0,4.0,3.0,12.0,2.0,9.0,,Poor,987306
,4.0,2.0,1.0,5.0,1.0,4.0,33.8,Poor,914217
4778.0,6.0,2.0,1.0,11.0,,3.0,37.4,Poor,906887
936.0,1.0,,3.0,20.0,0.0,10.0,24.9,Good,279864
,5.0,3.0,2.0,45.0,,2.0,27.7,Poor,857489
2193.0,6.0,3.0,3.0,20.0,2.0,4.0,38.9,Fair,451011
1978.0,1.0,5.0,3.0,37.0,0.0,5.0,30.4,Fair,409072
2112.0,1.0,4.0,,41.0,0.0,3.0,18.9,Poor,405965
1878.0,2.0,1.0,2.0,32.0,3.0,9.0,31.0,Good,389329
4076.0,1.0,1.0,1.0,,0.0,5.0,30.4,Poor,748469
3012.0,3.0,4.0,1.0,42.0,2.0,1.0,19.6,Good,551300
2084.0,1.0,,1.0,46.0,2.0,2.0,27.0,Poor,345548
,4.0,1.0,2.0,13.0,0.0,10.0,17.9,Fair,567896
4244.0,4.0,4.0,2.0,18.0,0.0,1.0,35.6,Excellent,768507
2629.0,6.0,2.0,3.0,38.0,1.0,8.0,31.5,Fair,571180
2403.0,3.0,3.0,3.0,48.0,2.0,5.0,19.6,Excellent,476846
,2.0,,,16.0,2.0,3.0,10.0,Excellent,422345
4237.0,1.0,5.0,3.0,,3.0,2.0,37.0,Good,742311
3846.0,5.0,3.0,3.0,0.0,,6.0,5.5,,836866
1332.0,2.0,3.0,3.0,21.0,3.0,10.0,11.7,Good,361499
3946.0,4.0,4.0,3.0,34.0,1.0,9.0,4.3,Fair,865734
1337.0,6.0,3.0,1.0,40.0,3.0,,1.2,Fair,409752
4584.0,2.0,,2.0,34.0,0.0,9.0,2.2,Poor,963674
2924.0,3.0,2.0,3.0,16.0,2.0,5.0,8.3,Excellent,617331
,3.0,,,31.0,0.0,3.0,36.4,Good,493249
2761.0,1.0,,1.0,50.0,2.0,1.0,5.8,Fair,496688
2252.0,2.0,4.0,2.0,27.0,3.0,9.0,6.9,Poor,543539
2388.0,5.0,,3.0,,3.0,1.0,37.5,Poor,487851
3899.0,3.0,1.0,1.0,42.0,3.0,2.0,26.1,Poor,703085
4934.0,4.0,5.0,3.0,10.0,0.0,7.0,7.7,Poor,1030689
3797.0,3.0,4.0,3.0,11.0,0.0,,37.2,Excellent,713804
1867.0,3.0,3.0,1.0,20.0,2.0,7.0,36.2,Poor,419288
3430.0,1.0,2.0,3.0,,,1.0,,Excellent,575859
1700.0,4.0,,3.0,12.0,1.0,8.0,38.7,Poor,422631
609.0,4.0,3.0,2.0,45.0,2.0,,5.8,Poor,158219
1899.0,5.0,4.0,1.0,34.0,,3.0,37.9,Excellent,397304
1840.0,3.0,1.0,3.0,1.0,3.0,5.0,4.2,Poor,435126
2606.0,,3.0,2.0,,1.0,7.0,6.1,Poor,572153
3118.0,4.0,3.0,2.0,5.0,3.0,,32.2,Good,601325
4055.0,1.0,5.0,3.0,24.0,0.0,9.0,27.5,Fair,808581
2359.0,1.0,3.0,3.0,40.0,0.0,5.0,8.5,Poor,485174
4314.0,3.0,4.0,3.0,27.0,2.0,5.0,35.3,Poor,843744
870.0,4.0,,2.0,31.0,0.0,4.0,3.6,Poor,207287
2350.0,3.0,5.0,2.0,47.0,3.0,,24.7,Good,488987
1016.0,,5.0,1.0,27.0,0.0,10.0,25.5,Good,312901
,3.0,1.0,3.0,28.0,,4.0,19.5,Excellent,710166
666.0,3.0,2.0,2.0,0.0,0.0,7.0,22.5,Excellent,214066
3404.0,1.0,1.0,3.0,28.0,3.0,9.0,10.1,Excellent,713702
4693.0,,2.0,1.0,,2.0,3.0,27.7,Excellent,871651
1260.0,4.0,2.0,2.0,15.0,3.0,8.0,14.8,Excellent,322619
1126.0,4.0,3.0,1.0,26.0,0.0,8.0,7.5,Excellent,289527
4222.0,6.0,5.0,1.0,35.0,1.0,10.0,12.1,Excellent,945513
1086.0,2.0,2.0,1.0,15.0,3.0,10.0,23.6,Fair,339696
3838.0,3.0,5.0,2.0,43.0,3.0,7.0,38.3,Good,783366
2909.0,6.0,4.0,1.0,23.0,2.0,2.0,12.8,Poor,578808
4377.0,6.0,1.0,3.0,45.0,2.0,7.0,14.4,Excellent,883794
2202.0,,5.0,2.0,34.0,3.0,3.0,3.5,Fair,481236
3278.0,4.0,1.0,2.0,38.0,0.0,10.0,39.9,Good,687391
,5.0,3.0,2.0,46.0,2.0,9.0,21.5,,670019
1669.0,6.0,1.0,1.0,4.0,0.0,4.0,37.0,,382995
2974.0,2.0,1.0,2.0,20.0,0.0,10.0,37.0,Poor,617471
680.0,4.0,3.0,3.0,,1.0,5.0,33.2,Fair,152528
2091.0,4.0,2.0,2.0,38.0,1.0,9.0,9.8,Good,475585
4976.0,2.0,5.0,2.0,15.0,,3.0,27.1,Fair,914433
1545.0,5.0,5.0,1.0,38.0,3.0,4.0,15.9,Good,363527
4007.0,1.0,1.0,,37.0,1.0,7.0,22.8,Fair,742457
4097.0,3.0,3.0,1.0,20.0,2.0,9.0,20.5,Fair,860944
4267.0,4.0,3.0,,,3.0,4.0,21.7,Excellent,874729
,,5.0,2.0,31.0,2.0,6.0,24.2,Fair,692686
1205.0,,,1.0,9.0,1.0,10.0,3.1,Poor,366919
2693.0,1.0,1.0,3.0,16.0,0.0,4.0,39.1,Excellent,494744
985.0,2.0,4.0,3.0,25.0,3.0,,26.1,Good,247866
,6.0,4.0,,5.0,1.0,,28.2,Fair,925013
2644.0,2.0,5.0,1.0,43.0,2.0,5.0,33.2,Good,492395
4814.0,,2.0,1.0,26.0,,3.0,35.2,Excellent,915210
3712.0,5.0,5.0,1.0,36.0,1.0,10.0,18.0,Fair,815745
1366.0,5.0,5.0,2.0,7.0,3.0,2.0,37.7,Good,317292
1205.0,6.0,2.0,2.0,32.0,2.0,1.0,36.6,Excellent,229429
3896.0,4.0,1.0,3.0,35.0,1.0,10.0,20.5,Poor,808947
4557.0,3.0,4.0,2.0,27.0,3.0,6.0,14.6,Fair,931054
1020.0,,5.0,1.0,19.0,2.0,4.0,11.0,Fair,219615
967.0,3.0,5.0,1.0,38.0,2.0,3.0,36.9,Fair,214532
4147.0,6.0,3.0,2.0,7.0,0.0,1.0,12.7,Excellent,820587
,3.0,2.0,,0.0,0.0,2.0,2.2,Fair,272988
2974.0,4.0,4.0,3.0,6.0,0.0,6.0,25.1,Poor,599703
2778.0,5.0,5.0,3.0,,3.0,3.0,8.9,,622679
,5.0,5.0,3.0,18.0,2.0,2.0,17.0,Fair,170701
2734.0,4.0,,2.0,10.0,0.0,3.0,25.4,Excellent,553710
1214.0,3.0,3.0,1.0,17.0,2.0,9.0,25.0,Good,326232
,6.0,5.0,2.0,38.0,3.0,2.0,36.9,Good,668879
2681.0,4.0,1.0,2.0,4.0,3.0,8.0,25.0,Poor,580180
4961.0,5.0,1.0,3.0,40.0,1.0,9.0,14.5,Poor,979811
,2.0,2.0,3.0,21.0,1.0,4.0,14.9,,833764
860.0,6.0,2.0,2.0,1.0,2.0,10.0,27.6,Excellent,297828
2182.0,1.0,1.0,1.0,16.0,3.0,1.0,30.0,Good,366352
3271.0,4.0,4.0,2.0,31.0,1.0,1.0,11.5,Fair,646810
2570.0,,5.0,1.0,16.0,1.0,8.0,14.7,Excellent,611695
970.0,2.0,5.0,1.0,23.0,3.0,4.0,10.1,Poor,244635
1073.0,1.0,,3.0,12.0,0.0,3.0,37.5,Poor,215846
,6.0,5.0,1.0,2.0,3.0,4.0,,Good,889692
2903.0,2.0,1.0,2.0,48.0,2.0,3.0,35.0,Fair,481501
3284.0,,1.0,3.0,26.0,2.0,2.0,38.8,Fair,590417
1847.0,6.0,5.0,1.0,25.0,0.0,2.0,20.2,Fair,401665
1614.0,2.0,2.0,3.0,17.0,1.0,6.0,27.1,Good,325454
,1.0,4.0,,42.0,0.0,4.0,37.9,Excellent,165538
,,3.0,3.0,27.0,3.0,10.0,20.4,,748232
1767.0,1.0,4.0,2.0,17.0,2.0,8.0,16.9,Good,435468
4915.0,2.0,3.0,3.0,36.0,3.0,3.0,34.1,Fair,896430
1432.0,3.0,3.0,3.0,4.0,1.0,9.0,32.4,Poor,370267
958.0,3.0,5.0,1.0,2.0,,4.0,37.3,Good,240554
4381.0,6.0,4.0,2.0,37.0,2.0,3.0,13.3,Good,883522
3501.0,6.0,3.0,1.0,2.0,1.0,3.0,25.0,Excellent,722798
1160.0,3.0,1.0,1.0,35.0,3.0,4.0,29.6,Good,232021
4091.0,3.0,1.0,1.0,5.0,,6.0,13.7,Fair,820841
4995.0,5.0,,1.0,8.0,3.0,6.0,28.3,Poor,998573
2036.0,3.0,1.0,1.0,11.0,0.0,9.0,38.0,Good,435208
1587.0,5.0,3.0,3.0,40.0,0.0,6.0,10.1,Fair,387034
855.0,1.0,,3.0,45.0,3.0,2.0,6.7,Fair,197280
2782.0,3.0,3.0,3.0,9.0,1.0,3.0,38.3,Fair,547409
3155.0,2.0,2.0,3.0,17.0,1.0,8.0,15.8,,667420
816.0,2.0,5.0,2.0,35.0,0.0,2.0,22.8,Excellent,141430
1429.0,4.0,1.0,3.0,24.0,1.0,4.0,17.8,Excellent,312221
4089.0,5.0,5.0,1.0,,0.0,9.0,6.5,,888789
3953.0,2.0,4.0,1.0,39.0,1.0,7.0,32.3,Good,754616
4790.0,4.0,4.0,2.0,2.0,0.0,10.0,22.1,Poor,1019006
4895.0,5.0,4.0,1.0,39.0,3.0,7.0,,Good,1026704
3728.0,2.0,4.0,2.0,7.0,0.0,3.0,29.5,Good,682165
1612.0,5.0,1.0,3.0,16.0,0.0,1.0,35.8,Poor,291522
1270.0,4.0,5.0,2.0,11.0,1.0,10.0,18.6,,397620
4032.0,,5.0,1.0,18.0,3.0,2.0,35.4,Good,785109
1572.0,6.0,4.0,1.0,44.0,2.0,1.0,27.2,Fair,309959
988.0,5.0,5.0,3.0,5.0,3.0,2.0,34.0,Excellent,215816
1353.0,5.0,3.0,1.0,11.0,1.0,4.0,24.7,Good,332571
1085.0,,2.0,3.0,43.0,2.0,1.0,32.8,Excellent,194339
3319.0,4.0,2.0,3.0,,2.0,1.0,17.3,Poor,598250
2832.0,2.0,5.0,1.0,20.0,2.0,6.0,22.5,,568283
4784.0,1.0,,1.0,15.0,3.0,4.0,3.9,Good,948739
2187.0,3.0,1.0,3.0,11.0,3.0,2.0,39.2,Fair,414509
2851.0,4.0,,2.0,28.0,1.0,5.0,26.7,Good,570048
4637.0,3.0,3.0,3.0,42.0,0.0,10.0,23.1,Excellent,916099
1553.0,5.0,5.0,3.0,32.0,0.0,2.0,30.3,Poor,300841
4109.0,2.0,1.0,2.0,2.0,3.0,4.0,28.0,Excellent,815266
2016.0,4.0,5.0,,21.0,1.0,1.0,19.5,Excellent,422153
,4.0,1.0,2.0,27.0,2.0,7.0,5.8,Fair,677704
1234.0,2.0,1.0,3.0,39.0,1.0,8.0,38.5,Poor,254077
969.0,2.0,1.0,2.0,1.0,3.0,5.0,14.8,Good,246183
3018.0,3.0,1.0,3.0,15.0,,8.0,13.6,Fair,642751
769.0,6.0,4.0,2.0,10.0,3.0,2.0,12.4,Excellent,254354
2727.0,1.0,,2.0,4.0,1.0,1.0,27.5,Excellent,506958
1736.0,2.0,3.0,3.0,35.0,1.0,7.0,39.8,Fair,370461
,4.0,2.0,1.0,37.0,2.0,10.0,19.0,Excellent,408854
4656.0,3.0,1.0,2.0,34.0,1.0,,13.7,,927504
,4.0,2.0,3.0,,3.0,7.0,28.8,Good,902897
,2.0,,3.0,28.0,1.0,5.0,27.1,Poor,707962
4269.0,2.0,3.0,3.0,43.0,1.0,8.0,28.0,Poor,849799
2057.0,3.0,4.0,1.0,34.0,1.0,8.0,8.5,Good,473012
1504.0,3.0,5.0,,38.0,3.0,5.0,15.8,Good,329040
3503.0,2.0,1.0,2.0,30.0,2.0,10.0,13.8,Good,711356
3728.0,4.0,1.0,1.0,20.0,,8.0,38.9,Good,721540
4823.0,1.0,4.0,3.0,19.0,1.0,1.0,38.1,Fair,849076
3596.0,1.0,1.0,2.0,28.0,1.0,7.0,3.3,Poor,693574
1540.0,,1.0,1.0,47.0,1.0,1.0,3.4,Excellent,306155
1962.0,5.0,4.0,2.0,30.0,2.0,7.0,23.1,Fair,476176
831.0,,4.0,2.0,1.0,1.0,9.0,14.0,,271965
1183.0,2.0,3.0,2.0,7.0,0.0,9.0,30.6,Excellent,327400
2231.0,3.0,,3.0,,2.0,3.0,22.0,Excellent,431061
1697.0,4.0,4.0,1.0,37.0,0.0,10.0,3.9,Excellent,444146
2808.0,3.0,,3.0,48.0,3.0,5.0,11.0,Fair,555624
4180.0,6.0,5.0,1.0,10.0,1.0,4.0,31.3,Good,850944
1050.0,2.0,1.0,3.0,4.0,1.0,8.0,25.1,Fair,258967
1160.0,5.0,3.0,3.0,20.0,1.0,2.0,19.1,Good,235846
1690.0,3.0,,1.0,27.0,1.0,3.0,25.4,,303099
4221.0,5.0,3.0,3.0,5.0,,5.0,22.8,Fair,869881
3179.0,4.0,1.0,2.0,20.0,2.0,4.0,14.5,Good,660386
658.0,4.0,4.0,2.0,29.0,,7.0,2.3,Fair,217156
2086.0,4.0,3.0,3.0,47.0,3.0,,21.5,,436535
2959.0,4.0,4.0,2.0,39.0,,9.0,27.0,Poor,647063
2709.0,1.0,5.0,1.0,43.0,2.0,7.0,7.2,Poor,599473
2156.0,2.0,4.0,3.0,21.0,1.0,5.0,32.6,,422203
1697.0,5.0,5.0,3.0,2.0,3.0,10.0,25.1,Poor,461953
4051.0,3.0,3.0,1.0,47.0,1.0,2.0,20.2,Excellent,705266
3912.0,6.0,4.0,3.0,49.0,2.0,1.0,36.6,Good,704115
1530.0,1.0,3.0,1.0,48.0,,10.0,7.5,Excellent,362715
,5.0,3.0,1.0,,0.0,6.0,37.6,Fair,354808
1988.0,5.0,3.0,2.0,46.0,1.0,1.0,37.8,Good,324928
,,1.0,3.0,,2.0,3.0,,Poor,771273
4553.0,1.0,1.0,1.0,14.0,2.0,3.0,4.0,Excellent,834502
3577.0,4.0,4.0,3.0,44.0,1.0,1.0,,Good,655419
1513.0,,3.0,3.0,5.0,0.0,2.0,20.4,Excellent,279405
2063.0,3.0,4.0,2.0,47.0,1.0,10.0,38.2,Poor,428094
2628.0,3.0,5.0,,44.0,3.0,,,Fair,557636
1014.0,4.0,2.0,2.0,19.0,0.0,5.0,2.9,Poor,275437
2471.0,5.0,4.0,2.0,15.0,,7.0,26.3,Fair,585467
,3.0,1.0,3.0,43.0,2.0,8.0,31.7,Good,911757
3230.0,3.0,1.0,3.0,10.0,2.0,2.0,35.7,Poor,612628
1469.0,5.0,,2.0,33.0,2.0,10.0,13.6,Good,395854
2301.0,5.0,1.0,2.0,2.0,,9.0,34.8,Poor,536558
3553.0,6.0,4.0,2.0,24.0,0.0,,4.7,Excellent,676125
661.0,1.0,5.0,1.0,30.0,3.0,1.0,30.7,Poor,104687
3861.0,1.0,1.0,3.0,40.0,,5.0,37.2,Poor,708097
3346.0,1.0,4.0,1.0,41.0,3.0,9.0,30.6,Excellent,692018
,4.0,2.0,2.0,40.0,2.0,,5.2,Poor,235565
954.0,3.0,2.0,2.0,41.0,2.0,7.0,23.6,Excellent,246715
4431.0,6.0,4.0,1.0,44.0,0.0,,24.1,,854598
2565.0,2.0,1.0,2.0,33.0,1.0,6.0,30.5,Good,514140
3522.0,4.0,4.0,1.0,4.0,0.0,,,Excellent,672193
2585.0,1.0,5.0,3.0,31.0,,8.0,8.8,,585908
2324.0,6.0,3.0,2.0,6.0,0.0,5.0,30.4,Poor,527005
684.0,3.0,4.0,2.0,9.0,2.0,1.0,6.2,Good,154160
1696.0,5.0,1.0,1.0,27.0,2.0,8.0,8.9,Poor,412867
4466.0,2.0,4.0,2.0,38.0,0.0,8.0,26.2,Fair,857674
2884.0,1.0,1.0,1.0,14.0,0.0,6.0,14.5,,596269
681.0,6.0,,2.0,,0.0,6.0,14.0,Excellent,201212
2776.0,2.0,3.0,2.0,22.0,2.0,7.0,25.1,,555989
2573.0,3.0,3.0,3.0,7.0,0.0,10.0,32.4,Good,565549
3249.0,1.0,2.0,2.0,29.0,,10.0,6.6,Excellent,688839
3667.0,4.0,4.0,2.0,,1.0,7.0,20.9,Excellent,794363
3852.0,5.0,3.0,2.0,47.0,2.0,8.0,39.8,Poor,746072
,2.0,1.0,2.0,4.0,3.0,2.0,10.9,,845433
,6.0,3.0,2.0,10.0,,2.0,2.6,Good,309165
3932.0,1.0,3.0,2.0,50.0,3.0,4.0,26.4,Excellent,726555
804.0,5.0,5.0,2.0,23.0,3.0,7.0,25.2,Excellent,282606
2006.0,4.0,1.0,1.0,5.0,,9.0,33.1,Poor,467631
1476.0,2.0,1.0,3.0,22.0,1.0,,26.2,Good,319472
2341.0,2.0,2.0,2.0,4.0,3.0,9.0,18.8,Excellent,564013
4438.0,5.0,4.0,3.0,17.0,0.0,1.0,23.0,Excellent,848005
2994.0,5.0,4.0,3.0,46.0,3.0,10.0,18.6,Excellent,680284
1137.0,3.0,5.0,2.0,6.0,0.0,4.0,21.3,Excellent,258720
1554.0,6.0,3.0,3.0,0.0,1.0,9.0,,Good,424577
2490.0,5.0,4.0,2.0,41.0,3.0,3.0,33.1,Fair,507782
1359.0,3.0,1.0,3.0,3.0,3.0,9.0,29.3,Poor,365022
4219.0,3.0,1.0,3.0,4.0,3.0,,27.8,Fair,812566
4901.0,3.0,4.0,1.0,17.0,0.0,3.0,1.2,Good,933986
1685.0,5.0,1.0,1.0,7.0,1.0,8.0,15.8,Good,433907
2524.0,,2.0,3.0,14.0,3.0,5.0,,Good,498101
2150.0,5.0,3.0,1.0,13.0,2.0,1.0,28.2,Fair,416368
1650.0,4.0,3.0,3.0,,1.0,,30.6,Poor,294211
4333.0,4.0,3.0,2.0,28.0,1.0,3.0,18.9,Excellent,846856
2750.0,3.0,5.0,,50.0,2.0,10.0,20.4,Fair,598867
3576.0,2.0,4.0,2.0,20.0,0.0,2.0,28.7,Poor,660609
3283.0,1.0,5.0,3.0,27.0,0.0,6.0,17.6,Excellent,683097
1343.0,,5.0,3.0,36.0,2.0,7.0,34.3,Good,325184
1864.0,2.0,5.0,1.0,17.0,2.0,7.0,,Good,429003
1931.0,3.0,3.0,1.0,48.0,2.0,9.0,13.5,Fair,472403
686.0,2.0,2.0,2.0,50.0,3.0,10.0,39.1,Poor,186016
3039.0,5.0,2.0,3.0,41.0,3.0,3.0,1.8,Excellent,582814
996.0,4.0,1.0,2.0,14.0,3.0,8.0,8.3,Good,301311
878.0,3.0,1.0,3.0,46.0,0.0,9.0,24.6,,221288
4246.0,6.0,5.0,1.0,24.0,1.0,3.0,17.2,Good,819742
3473.0,,3.0,2.0,19.0,3.0,2.0,5.2,Good,684759
4777.0,2.0,1.0,1.0,28.0,0.0,,9.2,Good,908397
857.0,6.0,1.0,1.0,14.0,2.0,6.0,3.2,Excellent,298487
2113.0,3.0,5.0,1.0,15.0,2.0,6.0,35.0,Fair,466947
3811.0,,4.0,2.0,41.0,0.0,10.0,2.7,Excellent,797874
710.0,,2.0,2.0,9.0,2.0,7.0,15.4,Good,239396
1779.0,5.0,2.0,1.0,19.0,3.0,9.0,15.9,Good,458486
3039.0,5.0,2.0,2.0,11.0,2.0,7.0,7.1,Poor,682895
2985.0,5.0,2.0,3.0,,1.0,6.0,33.8,,640574
4562.0,4.0,5.0,1.0,39.0,0.0,9.0,27.9,Good,913872
3961.0,2.0,4.0,2.0,27.0,3.0,5.0,31.1,Poor,784991
1827.0,4.0,4.0,1.0,39.0,,8.0,20.3,Fair,433784
1279.0,3.0,2.0,2.0,20.0,2.0,8.0,32.9,Good,294573
738.0,,,3.0,4.0,,3.0,11.6,Poor,227500
1596.0,1.0,1.0,1.0,25.0,2.0,8.0,35.8,Good,312972
3212.0,2.0,3.0,2.0,48.0,1.0,6.0,27.7,Good,583514
4874.0,3.0,2.0,1.0,5.0,3.0,5.0,15.9,Poor,936128
1139.0,1.0,3.0,3.0,31.0,2.0,2.0,4.6,Fair,239190
1855.0,2.0,2.0,1.0,44.0,1.0,,8.9,Good,389286
3581.0,6.0,1.0,2.0,11.0,0.0,5.0,11.2,Good,746614
989.0,4.0,5.0,2.0,48.0,0.0,6.0,28.6,Poor,224097
1848.0,5.0,2.0,1.0,27.0,0.0,7.0,18.4,Fair,413690
4409.0,5.0,5.0,1.0,26.0,3.0,7.0,26.8,Excellent,878180
1451.0,3.0,3.0,3.0,27.0,,9.0,26.3,Excellent,363275
4295.0,3.0,3.0,3.0,11.0,2.0,5.0,15.3,Poor,862468
,4.0,4.0,2.0,27.0,2.0,9.0,6.0,Good,827533
2253.0,,3.0,1.0,,2.0,,4.8,Excellent,474908
3070.0,3.0,1.0,3.0,7.0,3.0,6.0,11.7,Excellent,661182
2876.0,4.0,1.0,2.0,40.0,0.0,5.0,25.5,Excellent,543061
4714.0,,1.0,3.0,4.0,0.0,4.0,10.8,Fair,877846
4920.0,6.0,3.0,1.0,3.0,2.0,5.0,39.0,,966061
1608.0,4.0,4.0,1.0,4.0,,5.0,31.7,Excellent,354701
1831.0,2.0,4.0,1.0,45.0,3.0,6.0,33.3,Excellent,352064
4666.0,5.0,4.0,2.0,4.0,2.0,4.0,29.1,Poor,932734
3462.0,4.0,1.0,2.0,34.0,0.0,6.0,16.2,Excellent,679016
1805.0,4.0,2.0,1.0,37.0,1.0,10.0,29.1,Poor,436893
2116.0,1.0,3.0,1.0,27.0,1.0,5.0,29.0,Fair,392704
2217.0,5.0,1.0,3.0,,3.0,9.0,14.2,,535322
,4.0,3.0,1.0,29.0,,7.0,11.2,Excellent,512713
3584.0,1.0,3.0,3.0,6.0,0.0,4.0,31.1,Fair,694817
2360.0,5.0,2.0,3.0,33.0,3.0,1.0,27.8,Poor,448832
2420.0,5.0,4.0,3.0,46.0,1.0,5.0,39.6,,465195
2248.0,4.0,,2.0,24.0,0.0,8.0,34.7,Good,485391
1682.0,5.0,2.0,3.0,49.0,0.0,6.0,39.6,Excellent,306200
2928.0,3.0,2.0,3.0,1.0,1.0,6.0,19.2,Fair,605949
4190.0,4.0,,2.0,27.0,0.0,7.0,13.8,Good,817841
4620.0,1.0,4.0,1.0,47.0,0.0,3.0,18.1,Excellent,817694
4255.0,3.0,3.0,2.0,38.0,0.0,8.0,20.4,Excellent,836604
,2.0,5.0,2.0,33.0,,,5.5,Poor,942237
3350.0,1.0,1.0,1.0,50.0,1.0,7.0,33.7,Poor,633213
1416.0,2.0,5.0,2.0,37.0,,2.0,28.5,Good,285277
2557.0,2.0,1.0,,6.0,2.0,9.0,5.0,Excellent,610612
3725.0,,5.0,,33.0,1.0,3.0,39.4,Excellent,719051
,4.0,4.0,2.0,2.0,3.0,,14.3,Poor,915912
4203.0,3.0,3.0,2.0,13.0,1.0,9.0,5.6,Excellent,897694
3204.0,1.0,3.0,3.0,50.0,2.0,,6.7,Poor,588381
3847.0,6.0,4.0,1.0,14.0,1.0,9.0,26.7,Fair,832058
2867.0,1.0,2.0,2.0,15.0,2.0,4.0,18.6,Good,573607
1772.0,6.0,5.0,3.0,43.0,0.0,6.0,,Excellent,441241
4511.0,3.0,4.0,,41.0,2.0,8.0,5.3,Poor,928473
4191.0,,4.0,2.0,11.0,0.0,9.0,,Poor,897036
4757.0,3.0,4.0,2.0,15.0,0.0,7.0,10.2,Poor,953175
655.0,,1.0,2.0,19.0,3.0,8.0,22.3,Poor,239780
,5.0,2.0,1.0,14.0,3.0,7.0,10.2,Fair,402259
1537.0,6.0,3.0,2.0,29.0,3.0,8.0,2.4,Poor,451613
3812.0,2.0,1.0,2.0,0.0,3.0,10.0,8.5,Poor,844486
4767.0,5.0,5.0,2.0,2.0,2.0,5.0,27.3,,963481
1988.0,6.0,2.0,1.0,,3.0,4.0,,Fair,424460
4179.0,5.0,3.0,2.0,47.0,3.0,5.0,35.1,Fair,805958
752.0,,4.0,3.0,13.0,0.0,2.0,36.2,,121713
1910.0,3.0,4.0,,0.0,2.0,6.0,24.8,Excellent,431373
2638.0,6.0,2.0,3.0,13.0,1.0,7.0,40.0,Fair,581254
3996.0,3.0,2.0,3.0,24.0,3.0,7.0,25.6,,802977
826.0,4.0,4.0,3.0,1.0,2.0,10.0,17.4,Excellent,337563
1155.0,2.0,4.0,3.0,,3.0,5.0,7.1,Good,287294
4916.0,6.0,1.0,1.0,46.0,2.0,9.0,8.4,Fair,1012157
1556.0,6.0,5.0,2.0,20.0,2.0,10.0,17.7,Poor,438952
1514.0,6.0,5.0,3.0,,0.0,,17.7,Poor,361487
2558.0,6.0,,1.0,34.0,1.0,1.0,11.3,,482794
1826.0,1.0,1.0,1.0,25.0,2.0,3.0,6.2,Fair,379300
1390.0,6.0,4.0,3.0,22.0,,8.0,36.6,Poor,378580
790.0,5.0,1.0,1.0,44.0,3.0,1.0,1.9,Good,176481
1073.0,1.0,1.0,2.0,45.0,2.0,3.0,1.8,Fair,192485
2818.0,6.0,5.0,2.0,5.0,2.0,8.0,28.3,Poor,649141
3802.0,6.0,5.0,2.0,43.0,3.0,9.0,,Fair,778811
,5.0,3.0,1.0,5.0,,5.0,12.8,,388605
1291.0,4.0,,1.0,24.0,3.0,8.0,39.2,Good,337433
,,3.0,2.0,40.0,3.0,4.0,27.1,Poor,382708
2378.0,1.0,2.0,3.0,3.0,3.0,4.0,24.2,Fair,477028
1744.0,1.0,1.0,2.0,38.0,2.0,4.0,15.2,Good,334712
,1.0,2.0,1.0,19.0,2.0,5.0,34.7,Poor,297974
4245.0,5.0,4.0,2.0,19.0,0.0,6.0,39.0,Fair,849846
1969.0,4.0,4.0,1.0,12.0,0.0,6.0,19.9,Excellent,443378
3902.0,2.0,3.0,1.0,,3.0,1.0,3.8,,774635
4122.0,1.0,2.0,2.0,44.0,3.0,1.0,36.0,Good,688696
1778.0,2.0,5.0,3.0,39.0,0.0,10.0,25.6,,445642
,1.0,1.0,1.0,,0.0,6.0,24.5,Fair,623303
1047.0,6.0,2.0,2.0,11.0,0.0,2.0,15.7,Excellent,245400
2819.0,3.0,3.0,1.0,10.0,0.0,3.0,17.4,Fair,529988
2714.0,,1.0,3.0,11.0,1.0,7.0,32.7,,609061
3177.0,4.0,5.0,2.0,26.0,2.0,8.0,13.1,Excellent,728951
904.0,3.0,2.0,1.0,11.0,3.0,1.0,28.3,Good,187809
4824.0,5.0,3.0,2.0,20.0,,1.0,39.2,Excellent,854720
3837.0,6.0,3.0,3.0,18.0,2.0,6.0,22.3,Good,821198
3135.0,4.0,3.0,2.0,21.0,,9.0,18.6,,703258
1837.0,1.0,2.0,2.0,12.0,0.0,9.0,,Good,434117
4716.0,1.0,1.0,1.0,1.0,2.0,6.0,21.5,Poor,944822
2663.0,4.0,2.0,1.0,10.0,3.0,8.0,15.0,Fair,608229
4999.0,1.0,2.0,3.0,12.0,1.0,3.0,30.4,Poor,916257
1696.0,2.0,1.0,3.0,7.0,2.0,2.0,22.0,Good,332377
3041.0,1.0,4.0,3.0,26.0,0.0,6.0,10.8,Excellent,641353
2188.0,2.0,2.0,3.0,39.0,1.0,7.0,23.9,Excellent,457836
3758.0,1.0,2.0,2.0,14.0,1.0,,,Good,702469
3665.0,5.0,2.0,,,3.0,8.0,8.7,Fair,778450
4015.0,6.0,5.0,3.0,21.0,3.0,4.0,16.7,Excellent,852002
3654.0,4.0,2.0,1.0,35.0,1.0,3.0,30.9,Excellent,655435
,5.0,5.0,3.0,17.0,,8.0,1.9,Poor,518004
1991.0,1.0,2.0,1.0,35.0,3.0,7.0,17.9,Excellent,438937
3504.0,,3.0,1.0,34.0,2.0,2.0,33.3,Excellent,624770
3162.0,2.0,5.0,2.0,13.0,1.0,6.0,33.4,Poor,657956
4135.0,5.0,1.0,3.0,6.0,3.0,,16.0,Poor,816170
3068.0,6.0,4.0,1.0,7.0,2.0,4.0,10.4,Excellent,670894
2870.0,4.0,,,17.0,3.0,9.0,33.5,Good,631473
1570.0,5.0,3.0,,,0.0,5.0,6.3,Good,376805
3924.0,5.0,1.0,3.0,21.0,0.0,7.0,11.0,,793769
4606.0,1.0,5.0,1.0,15.0,2.0,,26.2,Excellent,849586
,4.0,3.0,3.0,,,5.0,8.6,Poor,699318
2500.0,4.0,2.0,3.0,31.0,,6.0,25.5,,506055
3858.0,5.0,3.0,1.0,17.0,1.0,10.0,28.4,Fair,802274
4005.0,3.0,5.0,1.0,43.0,1.0,3.0,16.5,Fair,785099
1626.0,6.0,4.0,1.0,35.0,1.0,5.0,8.3,,372700
,1.0,4.0,1.0,20.0,2.0,,,Poor,903802
2734.0,1.0,1.0,3.0,35.0,3.0,3.0,,Good,480193
3548.0,3.0,4.0,,41.0,2.0,6.0,15.2,Good,733387
2206.0,5.0,1.0,1.0,15.0,1.0,10.0,4.3,,555301
,3.0,3.0,1.0,25.0,3.0,,16.3,Excellent,756828
2325.0,3.0,5.0,1.0,,3.0,7.0,27.8,Fair,485626
,2.0,2.0,1.0,2.0,1.0,2.0,33.2,,336457
1083.0,4.0,4.0,3.0,49.0,3.0,1.0,23.7,Fair,194791
,6.0,4.0,2.0,27.0,,2.0,37.1,Fair,542392
,1.0,3.0,1.0,9.0,,4.0,11.1,Good,695558
3373.0,1.0,5.0,2.0,13.0,2.0,9.0,7.2,,763327
989.0,5.0,2.0,2.0,9.0,3.0,4.0,20.3,Good,249207
617.0,1.0,5.0,2.0,42.0,2.0,8.0,10.5,Good,200453
2354.0,6.0,1.0,,25.0,,10.0,24.1,Good,556119
4659.0,,5.0,2.0,22.0,,5.0,,Excellent,960707
,2.0,3.0,3.0,4.0,3.0,1.0,3.3,Fair,664976
4780.0,3.0,3.0,1.0,13.0,1.0,8.0,9.9,Good,986654
2449.0,,2.0,2.0,49.0,1.0,8.0,34.2,Excellent,539382
3162.0,2.0,,2.0,32.0,1.0,6.0,8.4,Excellent,621906
3989.0,2.0,4.0,1.0,,0.0,3.0,2.5,Excellent,754468
983.0,4.0,2.0,2.0,,1.0,4.0,35.3,Excellent,209185
971.0,6.0,4.0,2.0,41.0,0.0,,14.7,Fair,319240
1156.0,2.0,5.0,3.0,0.0,1.0,3.0,10.5,Good,291500
1082.0,6.0,1.0,2.0,13.0,0.0,3.0,37.0,,207313
4799.0,2.0,5.0,3.0,22.0,,3.0,35.7,,891968
2777.0,2.0,2.0,1.0,26.0,2.0,7.0,15.7,Fair,582852
3371.0,6.0,4.0,2.0,25.0,1.0,7.0,39.1,Poor,703419
3883.0,1.0,3.0,2.0,42.0,1.0,1.0,4.5,,702125
860.0,3.0,3.0,1.0,22.0,2.0,4.0,13.5,Poor,224443
4079.0,5.0,3.0,3.0,27.0,3.0,6.0,37.0,Excellent,804714
938.0,3.0,1.0,1.0,6.0,2.0,9.0,17.5,Poor,296211
3707.0,5.0,4.0,3.0,44.0,2.0,9.0,2.2,Fair,796651
4639.0,5.0,1.0,2.0,14.0,3.0,1.0,7.8,Excellent,894103
4118.0,4.0,5.0,2.0,49.0,2.0,3.0,11.8,Good,768722
2878.0,1.0,,1.0,49.0,3.0,10.0,20.0,Good,576466
3385.0,6.0,1.0,3.0,47.0,2.0,6.0,,Fair,634914
2101.0,3.0,2.0,3.0,35.0,0.0,3.0,23.7,Fair,394527
3414.0,2.0,3.0,2.0,32.0,,6.0,26.9,Good,683836
1062.0,4.0,5.0,3.0,49.0,,8.0,18.8,Excellent,303368
4288.0,1.0,1.0,1.0,7.0,0.0,3.0,11.4,Fair,778309
2208.0,2.0,,3.0,35.0,1.0,2.0,21.5,Fair,393740
2463.0,4.0,2.0,2.0,1.0,0.0,9.0,2.9,Excellent,617084
1075.0,2.0,,1.0,14.0,3.0,1.0,23.9,Good,211888
2810.0,2.0,2.0,3.0,47.0,0.0,2.0,8.1,Good,526365
,6.0,5.0,1.0,33.0,,6.0,,Good,486898
3865.0,4.0,1.0,1.0,8.0,,1.0,38.2,Good,699123
2800.0,6.0,3.0,2.0,26.0,2.0,,26.3,Fair,652451
1399.0,6.0,4.0,2.0,20.0,0.0,8.0,31.5,Poor,369978
3592.0,5.0,1.0,2.0,11.0,0.0,3.0,7.3,Poor,680547
780.0,3.0,3.0,3.0,0.0,0.0,5.0,,Good,221075
1800.0,6.0,1.0,2.0,5.0,1.0,7.0,38.7,Poor,433551
4572.0,1.0,5.0,1.0,40.0,0.0,,37.9,,827845
1189.0,3.0,5.0,3.0,34.0,3.0,,30.0,Excellent,301450
785.0,6.0,5.0,,11.0,1.0,8.0,8.1,,281678
2110.0,6.0,5.0,2.0,36.0,2.0,,7.7,Good,479301
1952.0,2.0,4.0,1.0,46.0,1.0,1.0,5.3,Poor,364252
4065.0,4.0,4.0,3.0,13.0,0.0,9.0,3.4,Fair,908470
,,4.0,3.0,6.0,0.0,6.0,22.8,Excellent,1000849
3479.0,2.0,3.0,3.0,18.0,2.0,8.0,14.7,Fair,724463
1597.0,3.0,1.0,3.0,48.0,2.0,1.0,27.5,Excellent,235655
4947.0,5.0,3.0,3.0,15.0,2.0,3.0,19.8,Fair,930388
2301.0,6.0,3.0,3.0,41.0,2.0,1.0,14.3,Good,470082
2924.0,3.0,1.0,2.0,,3.0,,28.0,Good,588109
,2.0,5.0,1.0,47.0,3.0,4.0,30.4,Excellent,259394
2245.0,1.0,5.0,3.0,4.0,2.0,9.0,3.6,Fair,524540
3820.0,4.0,4.0,2.0,5.0,,6.0,9.7,Poor,792705
2334.0,,1.0,1.0,5.0,1.0,7.0,14.7,Good,487120
1437.0,4.0,1.0,1.0,0.0,1.0,8.0,17.7,Fair,382267
4307.0,6.0,1.0,2.0,13.0,0.0,2.0,24.3,Good,815684
1230.0,,3.0,1.0,,1.0,4.0,4.0,Poor,322781
4016.0,3.0,1.0,1.0,,3.0,5.0,34.3,Fair,759984
2013.0,3.0,5.0,2.0,0.0,3.0,9.0,26.7,Good,503959
1188.0,6.0,4.0,3.0,,0.0,5.0,10.9,Poor,287030
4976.0,,2.0,2.0,39.0,1.0,,30.6,Poor,896276
3577.0,4.0,4.0,2.0,29.0,1.0,2.0,30.8,Excellent,674031
2797.0,3.0,,2.0,39.0,2.0,7.0,35.1,Good,567499
4100.0,2.0,1.0,1.0,17.0,3.0,2.0,10.2,Good,748196
1919.0,6.0,1.0,3.0,25.0,0.0,7.0,16.0,Fair,463908
1228.0,1.0,1.0,1.0,19.0,1.0,7.0,20.9,Good,286028
1417.0,2.0,3.0,1.0,47.0,0.0,9.0,15.8,,359522
,3.0,4.0,1.0,5.0,,5.0,20.1,Excellent,529284
4277.0,1.0,5.0,3.0,3.0,1.0,6.0,5.5,Fair,856579
4037.0,3.0,1.0,2.0,33.0,2.0,5.0,,Fair,727192
2302.0,6.0,3.0,2.0,15.0,3.0,,18.0,Excellent,601685
4265.0,5.0,2.0,3.0,35.0,1.0,10.0,7.4,Poor,890699
3461.0,4.0,3.0,1.0,28.0,2.0,3.0,,,660976
3024.0,1.0,2.0,3.0,46.0,0.0,4.0,24.7,,538061
2172.0,1.0,4.0,2.0,17.0,1.0,5.0,6.5,Excellent,446013
3488.0,2.0,4.0,3.0,48.0,,,10.7,Good,712021
2766.0,5.0,5.0,2.0,29.0,1.0,2.0,32.9,Poor,543345
4101.0,3.0,4.0,2.0,11.0,,6.0,11.2,Good,815063
4365.0,3.0,1.0,3.0,49.0,,10.0,16.3,Excellent,856890
2815.0,1.0,1.0,1.0,40.0,3.0,7.0,36.1,Good,523505
4945.0,,2.0,3.0,6.0,,1.0,36.1,Poor,927193
1503.0,5.0,,1.0,0.0,2.0,7.0,19.2,Excellent,384365
1928.0,2.0,5.0,2.0,28.0,2.0,9.0,29.7,Good,461946
3979.0,1.0,2.0,,27.0,1.0,1.0,19.1,Fair,698446
2618.0,5.0,3.0,3.0,30.0,1.0,1.0,35.2,Good,501008
4924.0,6.0,5.0,1.0,18.0,0.0,,8.3,Fair,1045455
858.0,3.0,1.0,3.0,7.0,1.0,1.0,24.8,Good,152704
2554.0,6.0,4.0,3.0,44.0,3.0,10.0,4.6,Fair,624861
3667.0,,5.0,3.0,31.0,3.0,6.0,17.0,Excellent,735773
3215.0,,2.0,3.0,32.0,3.0,4.0,39.0,Excellent,605419
706.0,6.0,2.0,1.0,6.0,3.0,2.0,20.8,Good,188913
2311.0,1.0,4.0,3.0,10.0,0.0,3.0,39.1,Excellent,457905
4140.0,1.0,5.0,3.0,,2.0,1.0,33.9,Good,764151
2419.0,5.0,5.0,3.0,22.0,2.0,,31.9,Fair,527740
1796.0,6.0,4.0,2.0,19.0,1.0,7.0,15.8,Fair,438570
2843.0,1.0,3.0,1.0,5.0,1.0,3.0,33.6,Excellent,560042
1177.0,2.0,4.0,3.0,38.0,2.0,8.0,16.3,Fair,292407
3859.0,1.0,2.0,2.0,11.0,2.0,3.0,6.9,Good,762753
674.0,3.0,2.0,1.0,29.0,0.0,10.0,,Good,255642
3231.0,6.0,1.0,1.0,34.0,0.0,9.0,9.7,Fair,703050
921.0,1.0,3.0,,7.0,,1.0,27.4,Poor,190734
5000.0,2.0,4.0,3.0,29.0,1.0,9.0,34.1,Fair,962186
3258.0,3.0,3.0,2.0,3.0,3.0,5.0,33.6,Excellent,671771
2708.0,2.0,3.0,2.0,45.0,2.0,4.0,17.4,Excellent,488891
619.0,,4.0,1.0,26.0,3.0,2.0,29.9,Good,153008
2226.0,6.0,3.0,1.0,34.0,2.0,8.0,32.6,Fair,484655
4458.0,5.0,,3.0,25.0,,3.0,27.6,Good,838135
,3.0,5.0,3.0,16.0,2.0,7.0,19.8,Poor,1004823
,1.0,2.0,2.0,2.0,3.0,4.0,36.5,,830328
2457.0,4.0,5.0,,48.0,1.0,5.0,1.9,Excellent,530723
1215.0,4.0,3.0,2.0,15.0,,10.0,,Good,374732
,1.0,4.0,2.0,15.0,1.0,1.0,32.9,Poor,216441
2282.0,1.0,1.0,,24.0,1.0,6.0,7.3,,472258
2684.0,3.0,1.0,1.0,39.0,0.0,2.0,33.4,Good,440300
3332.0,5.0,4.0,,3.0,2.0,2.0,,Fair,650935
2246.0,5.0,2.0,,47.0,2.0,9.0,39.5,Fair,469433
1800.0,1.0,4.0,2.0,11.0,2.0,10.0,11.3,Excellent,491556
2697.0,,4.0,1.0,37.0,3.0,1.0,9.5,Excellent,489190
,3.0,4.0,2.0,43.0,1.0,,35.2,Good,476181
2008.0,2.0,,,,2.0,8.0,5.8,Good,524577
1005.0,4.0,5.0,2.0,50.0,0.0,10.0,10.2,Poor,289671
3475.0,3.0,2.0,3.0,9.0,0.0,2.0,11.2,Good,681502
3387.0,6.0,1.0,3.0,25.0,1.0,2.0,29.5,Excellent,621859
1993.0,1.0,3.0,2.0,48.0,3.0,3.0,26.1,Poor,370862
1005.0,4.0,4.0,2.0,35.0,1.0,6.0,37.3,Good,245528
2907.0,4.0,4.0,3.0,22.0,2.0,3.0,,Fair,591473
2717.0,,3.0,3.0,50.0,0.0,8.0,12.5,Fair,602536
2991.0,1.0,5.0,1.0,32.0,,1.0,23.9,Excellent,517675
984.0,5.0,1.0,1.0,40.0,3.0,3.0,19.6,Poor,202931
1423.0,4.0,5.0,3.0,33.0,3.0,7.0,10.8,,393012
4679.0,1.0,3.0,,29.0,3.0,2.0,7.1,Fair,874799
1929.0,5.0,5.0,3.0,46.0,1.0,10.0,13.0,Excellent,470507
3148.0,4.0,3.0,1.0,2.0,2.0,10.0,,Poor,731928
2681.0,3.0,5.0,1.0,25.0,2.0,6.0,38.0,,522120
,1.0,3.0,2.0,29.0,2.0,4.0,5.0,Good,625526
819.0,3.0,4.0,1.0,47.0,2.0,,,Good,144623
951.0,2.0,5.0,2.0,13.0,2.0,5.0,1.6,Poor,275350
,4.0,4.0,2.0,41.0,3.0,3.0,28.0,Poor,221007
1101.0,5.0,3.0,2.0,33.0,3.0,5.0,32.4,Fair,254073
3584.0,,3.0,1.0,10.0,1.0,3.0,12.1,Excellent,680444
3255.0,2.0,4.0,2.0,34.0,3.0,3.0,,Poor,634625
2434.0,5.0,3.0,3.0,42.0,1.0,6.0,,Fair,496031
1325.0,3.0,1.0,3.0,48.0,3.0,2.0,25.7,Poor,232447
,,3.0,3.0,46.0,1.0,7.0,,Poor,595959
4783.0,1.0,2.0,3.0,24.0,3.0,4.0,15.3,Poor,896313
3096.0,2.0,2.0,3.0,32.0,,4.0,,Good,595278
2999.0,3.0,5.0,1.0,7.0,1.0,8.0,33.2,Poor,638807
4419.0,3.0,,3.0,13.0,2.0,5.0,,Good,853597
1189.0,5.0,1.0,1.0,0.0,3.0,9.0,5.1,Good,358616
,3.0,1.0,,26.0,3.0,8.0,22.6,,290555
1755.0,6.0,1.0,3.0,35.0,1.0,9.0,11.1,Good,464806
4332.0,4.0,1.0,3.0,41.0,2.0,4.0,7.9,Excellent,857965
2506.0,4.0,,2.0,3.0,0.0,3.0,14.4,Good,544932
2441.0,2.0,5.0,2.0,37.0,0.0,4.0,31.8,Good,482333
,4.0,2.0,3.0,,3.0,10.0,19.0,Excellent,896778
2794.0,2.0,2.0,2.0,0.0,3.0,10.0,26.7,Poor,619590
2423.0,1.0,1.0,,47.0,3.0,7.0,,Good,465371
3498.0,5.0,1.0,1.0,42.0,2.0,3.0,38.2,Excellent,620267
1438.0,3.0,5.0,1.0,20.0,0.0,10.0,22.0,Good,410568
4213.0,3.0,1.0,1.0,6.0,1.0,9.0,10.4,Fair,891387
1158.0,3.0,3.0,2.0,49.0,2.0,7.0,15.7,Fair,279897
4893.0,,3.0,3.0,31.0,2.0,4.0,5.3,Poor,961380
3863.0,6.0,5.0,2.0,38.0,1.0,4.0,9.7,Fair,797132
,1.0,,3.0,8.0,,3.0,30.9,,565068
2687.0,6.0,4.0,3.0,8.0,0.0,8.0,5.3,Fair,613652
,2.0,5.0,3.0,,2.0,10.0,18.2,Excellent,416445
4869.0,2.0,,,27.0,,8.0,2.6,Poor,977586
2030.0,3.0,1.0,2.0,1.0,3.0,2.0,6.6,Good,448070
3507.0,6.0,5.0,2.0,12.0,1.0,5.0,23.1,Excellent,733916
1473.0,1.0,2.0,2.0,35.0,,5.0,16.8,Good,320917
2527.0,2.0,4.0,1.0,20.0,,9.0,,Fair,552423
,2.0,4.0,3.0,35.0,2.0,8.0,9.1,Excellent,964933
2379.0,4.0,5.0,3.0,,0.0,10.0,34.0,Good,558072
3187.0,2.0,,3.0,29.0,3.0,8.0,37.5,Good,637331
1063.0,1.0,2.0,2.0,24.0,2.0,3.0,22.9,Fair,208862
2511.0,,5.0,2.0,17.0,0.0,8.0,26.7,Fair,565863
3790.0,,1.0,1.0,15.0,0.0,10.0,18.3,Fair,773414
2098.0,2.0,2.0,3.0,10.0,3.0,2.0,34.5,Good,423462
710.0,5.0,4.0,2.0,45.0,2.0,9.0,23.9,Excellent,220327
,,,,21.0,3.0,2.0,14.4,Excellent,278038
4593.0,5.0,3.0,1.0,6.0,0.0,7.0,1.6,Poor,932202
,2.0,4.0,,27.0,0.0,8.0,19.4,Poor,447583
4586.0,6.0,3.0,1.0,45.0,0.0,1.0,8.9,Good,860207
1816.0,5.0,3.0,3.0,24.0,1.0,6.0,9.5,Good,440408
2545.0,5.0,1.0,2.0,48.0,2.0,8.0,18.4,Fair,519072
3245.0,6.0,4.0,1.0,22.0,0.0,10.0,34.4,Excellent,706289
3605.0,5.0,5.0,1.0,24.0,3.0,6.0,10.1,Poor,801965
1121.0,3.0,3.0,1.0,27.0,1.0,6.0,16.6,Fair,267197
1540.0,1.0,3.0,3.0,11.0,0.0,9.0,23.2,Poor,358927
1858.0,2.0,3.0,2.0,37.0,1.0,4.0,1.6,Excellent,363939
3768.0,4.0,4.0,,19.0,0.0,,29.7,Poor,728423
3735.0,6.0,4.0,2.0,,3.0,9.0,,Excellent,829924
2008.0,3.0,3.0,,5.0,,8.0,1.9,Fair,483943
3180.0,6.0,5.0,3.0,26.0,0.0,4.0,30.6,Poor,661559
4099.0,5.0,4.0,1.0,34.0,0.0,9.0,39.9,Excellent,834455
3444.0,,5.0,1.0,49.0,2.0,3.0,28.6,Poor,636228
2420.0,1.0,2.0,1.0,37.0,1.0,9.0,6.1,Excellent,544650
671.0,2.0,2.0,,37.0,3.0,7.0,28.4,Poor,164497
2869.0,1.0,5.0,2.0,34.0,2.0,5.0,36.7,Excellent,572776
3702.0,4.0,4.0,2.0,6.0,1.0,8.0,19.0,Fair,808214
1696.0,2.0,,1.0,7.0,3.0,2.0,,Excellent,307643
734.0,4.0,2.0,,50.0,0.0,2.0,22.1,Good,144547
645.0,5.0,5.0,2.0,2.0,3.0,10.0,,Excellent,336122
2482.0,3.0,1.0,2.0,7.0,0.0,5.0,17.7,Good,519147
2410.0,2.0,3.0,1.0,45.0,0.0,3.0,10.9,Poor,428754
3228.0,4.0,2.0,3.0,38.0,0.0,3.0,,Excellent,606780
1373.0,4.0,2.0,1.0,21.0,3.0,7.0,7.7,Good,356826
2493.0,1.0,5.0,1.0,8.0,2.0,10.0,2.6,,599278
4357.0,6.0,3.0,,46.0,1.0,9.0,,Excellent,869670
3843.0,1.0,5.0,3.0,37.0,2.0,5.0,13.9,Excellent,721263
,1.0,2.0,3.0,29.0,1.0,9.0,17.4,Good,701483
2489.0,2.0,2.0,3.0,,0.0,9.0,2.6,Poor,515789
,5.0,4.0,3.0,40.0,1.0,1.0,35.7,Fair,321410
2185.0,5.0,5.0,1.0,22.0,0.0,8.0,16.1,Good,543117
1019.0,4.0,3.0,1.0,46.0,2.0,1.0,5.6,Excellent,230996
4408.0,5.0,5.0,2.0,26.0,1.0,10.0,38.6,Good,911094
4670.0,4.0,2.0,2.0,17.0,2.0,,3.0,,962865
4830.0,3.0,3.0,1.0,48.0,,5.0,34.1,Poor,887108
629.0,4.0,2.0,1.0,2.0,2.0,4.0,6.2,Good,223746
3084.0,6.0,1.0,1.0,32.0,0.0,8.0,38.4,Fair,602521
3519.0,5.0,1.0,2.0,37.0,1.0,,40.0,Good,743397
4532.0,2.0,5.0,3.0,12.0,1.0,7.0,33.2,Good,895982
2887.0,4.0,1.0,2.0,24.0,2.0,1.0,3.6,,575020
886.0,1.0,3.0,2.0,3.0,0.0,2.0,2.1,Excellent,227356
,1.0,5.0,2.0,0.0,3.0,,34.9,Fair,923703
4734.0,5.0,1.0,1.0,25.0,3.0,1.0,26.4,Good,845079
3509.0,1.0,1.0,2.0,30.0,3.0,6.0,9.8,Excellent,711165
4044.0,,2.0,2.0,11.0,0.0,9.0,23.8,Fair,838473
2127.0,,4.0,1.0,6.0,1.0,3.0,11.6,Good,463652
4154.0,6.0,2.0,,10.0,1.0,6.0,,Good,848898
1601.0,1.0,2.0,1.0,17.0,3.0,10.0,28.1,Excellent,388104
3188.0,,2.0,2.0,42.0,2.0,4.0,6.4,Poor,663519
4078.0,1.0,5.0,3.0,15.0,2.0,4.0,11.3,Poor,812744
4431.0,6.0,3.0,,10.0,1.0,4.0,,Fair,876158
